src_mac,node_position,node_instance,timestamp_us,message_type,accel_x,accel_y,accel_z,gyro_x,gyro_y,gyro_z,lat,lon,alt,speed_kts,heading,utc_time_year,utc_time_month,utc_time_day,utc_time_hours,utc_time_minutes,utc_time_seconds,utc_time_millis,magic,error
58:8C:81:40:BE:24,Center,1,124018,Imu,-0.039772,0.06954,0.99991196,-1.61,40.005,-3.57,,,,,,,,,,,,,,
58:8C:81:40:BE:24,Center,1,155066,Gps,,,,,,,43.477664833333336,-80.5459795,342.3,0.022,63,2026,3,8,21,33,11,0,,
58:8C:81:40:BE:24,Center,1,185943,Imu,-0.02318,0.05734,0.971364,-1.715,39.48,-3.605,,,,,,,,,,,,,,
58:8C:81:40:BE:24,Center,1,217115,Imu,-0.02562,0.07442,1.0284599,-1.75,39.97,-3.535,,,,,,,,,,,,,,
58:8C:81:40:BE:24,Center,1,247898,Imu,-0.010004,0.070272006,1.0523721,-1.75,39.515,-3.535,,,,,,,,,,,,,,
58:8C:81:40:BE:24,Center,1,278946,Imu,-0.020008,0.080276,0.996252,-1.575,36.505,-3.465,,,,,,,,,,,,,,
58:8C:81:40:BE:1C,Center,0,310152,Imu,0.02806,0.032452,1.060912,-1.225,-0.525,-0.875,,,,,,,,,,,,,,
58:8C:81:40:BE:1C,Center,0,340906,Imu,0.028548,0.044164002,1.03334,-0.455,-2.555,-1.05,,,,,,,,,,,,,,
58:8C:81:40:BE:24,Center,1,371863,Imu,-0.019032,0.06222,1.047004,-1.75,39.69,-3.5,,,,,,,,,,,,,,
58:8C:81:40:BE:1C,Center,0,402142,Imu,0.019764,0.048068002,1.038708,1.715,-1.89,-1.155,,,,,,,,,,,,,,
58:8C:81:40:BE:24,Center,1,432862,Imu,-0.013664001,0.066612,0.99478805,-1.61,36.435,-3.43,,,,,,,,,,,,,,
58:8C:81:40:BE:24,Center,1,463230,Imu,-0.016104,0.059292,1.040416,-1.68,39.48,-3.5,,,,,,,,,,,,,,
58:8C:81:40:BE:24,Center,1,501197,Imu,-0.020008,0.077592,0.974048,-1.68,39.41,-3.5,,,,,,,,,,,,,,
58:8C:81:40:BE:24,Center,1,531338,Imu,-0.029524,0.060512003,1.02724,-1.715,36.715,-3.57,,,,,,,,,,,,,,
58:8C:81:40:BE:24,Center,1,562271,Gps,,,,,,,43.477664833333336,-80.5459795,342.3,0.019,63,2026,3,8,21,33,11,0,,
58:8C:81:40:BE:1C,Center,0,593092,Imu,0.040260002,0.040016,1.059448,-2.1,-1.015,-0.98,,,,,,,,,,,,,,
58:8C:81:40:BE:24,Center,1,624264,Imu,-0.029768,0.058560003,1.029192,-1.61,39.375,-3.395,,,,,,,,,,,,,,
58:8C:81:40:BE:24,Center,1,655199,Imu,-0.025864,0.062708,1.013088,-1.82,39.2,-3.5,,,,,,,,,,,,,,
58:8C:81:40:BE:24,Center,1,686023,Imu,-0.030256001,0.060512003,1.017724,-1.75,39.445,-3.605,,,,,,,,,,,,,,
58:8C:81:40:BE:24,Center,1,717063,Imu,-0.019276,0.0732,0.984784,-1.645,38.57,-3.57,,,,,,,,,,,,,,
58:8C:81:40:BE:24,Center,1,748035,Imu,-0.027572,0.057584,1.054568,-1.785,39.375,-3.465,,,,,,,,,,,,,,
58:8C:81:40:BE:24,Center,1,779177,Imu,-0.027328001,0.074907996,0.974292,-1.785,38.745,-3.465,,,,,,,,,,,,,,
58:8C:81:40:BE:1C,Center,0,789722,Imu,0.023668,0.050996,1.029436,2.87,-1.715,-1.015,,,,,,,,,,,,,,
58:8C:81:40:BE:1C,Center,0,820038,Imu,0.036356,0.037088003,1.04066,1.295,-0.875,-0.805,,,,,,,,,,,,,,
58:8C:81:40:BE:1C,Center,0,851193,Imu,0.043676,0.042456,1.04188,-2.205,-1.925,-1.12,,,,,,,,,,,,,,
58:8C:81:40:BE:1C,Center,0,881915,Imu,0.034892,0.042944,1.008696,2.485,-0.7,-0.875,,,,,,,,,,,,,,
58:8C:81:40:BE:24,Center,1,912070,Imu,-0.011224,0.062464003,1.049688,-1.61,39.515,-3.57,,,,,,,,,,,,,,
58:8C:81:40:BE:1C,Center,0,943267,Imu,0.02318,0.043920003,1.0438321,0.0,-2.31,-1.015,,,,,,,,,,,,,,
58:8C:81:40:BE:24,Center,1,974029,Imu,-0.021960001,0.06588,1.064816,-1.82,31.22,-3.535,,,,,,,,,,,,,,
58:8C:81:40:BE:1C,Center,0,1001259,Imu,0.015128001,0.049776003,0.993568,3.115,-1.82,-0.945,,,,,,,,,,,,,,
58:8C:81:40:BE:24,Center,1,1031489,Imu,-0.0305,0.058072,1.0462719,-1.645,39.235,-3.5,,,,,,,,,,,,,,
58:8C:81:40:BE:1C,Center,0,1062277,Imu,0.04148,0.042212002,1.047004,-2.345,-1.295,-1.05,,,,,,,,,,,,,,
58:8C:81:40:BE:24,Center,1,1093402,Gps,,,,,,,43.477664833333336,-80.5459795,342.3,0.027,63,2026,3,8,21,33,12,0,,
58:8C:81:40:BE:24,Center,1,1124206,Imu,-0.010492001,0.062464003,1.0523721,-1.75,39.69,-3.5,,,,,,,,,,,,,,
58:8C:81:40:BE:24,Center,1,1155355,Imu,-0.033428002,0.070516,0.978928,-1.645,39.585,-3.57,,,,,,,,,,,,,,
58:8C:81:40:BE:1C,Center,0,1186105,Imu,0.043432,0.047336,1.049688,-2.17,-1.575,-0.945,,,,,,,,,,,,,,
58:8C:81:40:BE:24,Center,1,1216303,Imu,-0.021716,0.075884,0.96941197,-1.68,39.41,-3.57,,,,,,,,,,,,,,
58:8C:81:40:BE:1C,Center,0,1247402,Imu,0.034892,0.038796,1.0343161,1.015,-0.875,-0.77,,,,,,,,,,,,,,
58:8C:81:40:BE:1C,Center,0,1278173,Imu,0.028304001,0.045872003,1.0330961,0.875,-2.275,-1.05,,,,,,,,,,,,,,
58:8C:81:40:BE:1C,Center,0,1309181,Imu,0.025376,0.0366,1.05286,-0.455,-0.665,-0.91,,,,,,,,,,,,,,
58:8C:81:40:BE:24,Center,1,1340496,Imu,-0.021228,0.056852,1.048712,-1.68,39.655,-3.64,,,,,,,,,,,,,,
58:8C:81:40:BE:1C,Center,0,1371416,Imu,0.091012,0.068564005,0.966484,0.735,0.28,-1.82,,,,,,,,,,,,,,
58:8C:81:40:BE:24,Center,1,1402322,Imu,0.033672,0.021716,0.94696397,-1.715,37.625,-3.43,,,,,,,,,,,,,,
58:8C:81:40:BE:24,Center,1,1433346,Imu,-0.010248,0.056364004,1.010648,-1.61,39.725,-3.43,,,,,,,,,,,,,,
58:8C:81:40:BE:24,Center,1,1464542,Gps,,,,,,,43.477664833333336,-80.5459795,342.3,0.031,63,2026,3,8,21,33,12,0,,
58:8C:81:40:BE:24,Center,1,1501404,Imu,-0.010736,0.062708,1.006256,-1.82,39.69,-3.535,,,,,,,,,,,,,,
58:8C:81:40:BE:1C,Center,0,1531574,Imu,0.044896,0.045628004,1.010404,2.38,1.015,-1.61,,,,,,,,,,,,,,
58:8C:81:40:BE:24,Center,1,1562641,Gps,,,,,,,43.477664833333336,-80.5459795,342.3,0.004,63,2026,3,8,21,33,12,0,,
58:8C:81:40:BE:24,Center,1,1593266,Imu,-0.017323999,0.062708,1.011624,-1.68,39.62,-3.465,,,,,,,,,,,,,,
58:8C:81:40:BE:24,Center,1,1624463,Imu,-0.028792,0.06344,1.018944,-1.785,39.655,-3.57,,,,,,,,,,,,,,
58:8C:81:40:BE:24,Center,1,1655311,Imu,-0.036356,0.068564005,0.987468,-1.68,39.76,-3.57,,,,,,,,,,,,,,
58:8C:81:40:BE:24,Center,1,1686435,Imu,-0.03294,0.060024,1.032852,-1.785,38.43,-3.5,,,,,,,,,,,,,,
58:8C:81:40:BE:24,Center,1,1717256,Imu,-0.020008,0.058804,1.02724,-1.645,39.655,-3.57,,,,,,,,,,,,,,
58:8C:81:40:BE:24,Center,1,1748272,Imu,-0.02318,0.075152,0.98917603,-1.645,39.235,-3.535,,,,,,,,,,,,,,
58:8C:81:40:BE:1C,Center,0,1779429,Imu,0.02318,0.044408,1.038464,0.175,-2.275,-0.98,,,,,,,,,,,,,,
58:8C:81:40:BE:24,Center,1,1810244,Imu,-0.018544002,0.070028,0.979904,-1.82,39.235,-3.465,,,,,,,,,,,,,,
58:8C:81:40:BE:1C,Center,0,1841315,Imu,0.03172,0.038552,1.067012,-0.735,-0.035,-0.91,,,,,,,,,,,,,,
58:8C:81:40:BE:1C,Center,0,1872413,Imu,0.023668,0.057827998,1.014552,2.835,-1.19,-1.05,,,,,,,,,,,,,,
58:8C:81:40:BE:1C,Center,0,1903299,Imu,0.045872003,0.044652,1.0521281,-1.82,-1.225,-0.98,,,,,,,,,,,,,,
58:8C:81:40:BE:1C,Center,0,1934455,Imu,0.036112,0.044164002,1.043344,-2.135,-2.205,-0.91,,,,,,,,,,,,,,
58:8C:81:40:BE:24,Center,1,1965311,Gps,,,,,,,43.477664833333336,-80.54597933333334,342.3,0.01,63,2026,3,8,21,33,12,0,,
58:8C:81:40:BE:1C,Center,0,2002200,Imu,0.025132,0.043188,1.039196,-0.07,-2.52,-1.05,,,,,,,,,,,,,,
58:8C:81:40:BE:1C,Center,0,2032549,Imu,0.036844,0.047824003,0.99503195,3.36,-0.385,-0.98,,,,,,,,,,,,,,
58:8C:81:40:BE:24,Center,1,2063395,Imu,-0.032208,0.061732,1.045052,-1.68,39.865,-3.395,,,,,,,,,,,,,,
58:8C:81:40:BE:24,Center,1,2094297,Gps,,,,,,,43.477664833333336,-80.54597933333334,342.3,0.042,63,2026,3,8,21,33,13,0,,
58:8C:81:40:BE:24,Center,1,2125519,Imu,-0.024644,0.064904,1.0099161,-1.645,40.18,-3.64,,,,,,,,,,,,,,
58:8C:81:40:BE:1C,Center,0,2156270,Imu,0.034892,0.04636,1.035292,-2.03,-2.24,-0.945,,,,,,,,,,,,,,
58:8C:81:40:BE:24,Center,1,2187286,Imu,-0.033916,0.062464003,1.02724,-1.68,39.62,-3.5,,,,,,,,,,,,,,
58:8C:81:40:BE:1C,Center,0,2218262,Imu,0.027816,0.048068002,1.03212,0.35,-2.555,-1.12,,,,,,,,,,,,,,
58:8C:81:40:BE:24,Center,1,2249424,Imu,-0.017568002,0.079056,0.974048,-1.75,39.865,-3.465,,,,,,,,,,,,,,
58:8C:81:40:BE:24,Center,1,2280180,Gps,,,,,,,43.477664833333336,-80.54597933333334,342.3,0.027,63,2026,3,8,21,33,13,0,,
58:8C:81:40:BE:24,Center,1,2310348,Imu,-0.014884,0.070516,0.98454005,-1.68,38.185,-3.535,,,,,,,,,,,,,,
58:8C:81:40:BE:1C,Center,0,2341313,Imu,0.02684,0.037332002,1.060668,0.21,-0.385,-0.91,,,,,,,,,,,,,,
58:8C:81:40:BE:24,Center,1,2372537,Gps,,,,,,,43.477664833333336,-80.54597933333334,342.3,0.014,63,2026,3,8,21,33,13,0,,
58:8C:81:40:BE:1C,Center,0,2403242,Imu,0.029524,0.038064,1.0572519,-1.82,-0.14,-0.805,,,,,,,,,,,,,,
58:8C:81:40:BE:24,Center,1,2434278,Imu,-0.010736,0.065391995,1.04798,-1.68,34.405,-3.57,,,,,,,,,,,,,,
58:8C:81:40:BE:24,Center,1,2465435,Gps,,,,,,,43.477664833333336,-80.54597933333334,342.3,0.019,63,2026,3,8,21,33,13,0,,
58:8C:81:40:BE:24,Center,1,2501965,Imu,-0.023424,0.057827998,1.05774,-1.75,38.29,-3.43,,,,,,,,,,,,,,
58:8C:81:40:BE:1C,Center,0,2532346,Imu,0.027328001,0.043188,1.029924,-1.575,-2.485,-1.05,,,,,,,,,,,,,,
58:8C:81:40:BE:24,Center,1,2562517,Imu,-0.030988,0.064416,1.038952,-1.75,37.625,-3.43,,,,,,,,,,,,,,
58:8C:81:40:BE:1C,Center,0,2592662,Imu,0.032208,0.055632,1.0004001,3.255,-0.63,-0.945,,,,,,,,,,,,,,
58:8C:81:40:BE:24,Center,1,2623742,Imu,-0.024156,0.058072,1.0477359,-1.61,39.725,-3.465,,,,,,,,,,,,,,
58:8C:81:40:BE:24,Center,1,2654676,Imu,-0.0061,0.057096,1.0614,-1.645,39.62,-3.535,,,,,,,,,,,,,,
58:8C:81:40:BE:24,Center,1,2685661,Imu,-0.029524,0.06588,1.0182121,-1.715,39.585,-3.43,,,,,,,,,,,,,,
58:8C:81:40:BE:24,Center,1,2716894,Imu,-0.0061,0.061,1.070428,-1.645,39.06,-3.535,,,,,,,,,,,,,,
58:8C:81:40:BE:24,Center,1,2747706,Imu,-0.032452,0.077592,0.96770406,-1.68,39.62,-3.465,,,,,,,,,,,,,,
58:8C:81:40:BE:1C,Center,0,2778933,Imu,0.033672,0.033916,1.067988,-2.205,-0.63,-0.84,,,,,,,,,,,,,,
58:8C:81:40:BE:1C,Center,0,2809724,Imu,0.027328001,0.05612,1.0065,3.92,-0.385,-0.98,,,,,,,,,,,,,,
58:8C:81:40:BE:1C,Center,0,2840736,Imu,0.029768,0.049043998,0.997228,3.115,-0.7,-0.91,,,,,,,,,,,,,,
58:8C:81:40:BE:24,Center,1,2871907,Gps,,,,,,,43.477665,-80.54597933333334,342.3,0.029,63,2026,3,8,21,33,13,0,,
58:8C:81:40:BE:1C,Center,0,2902961,Imu,0.03172,0.038552,1.0248001,1.855,-0.49,-0.84,,,,,,,,,,,,,,
58:8C:81:40:BE:24,Center,1,2933876,Imu,-0.009516,0.060268,1.0640839,-1.75,37.695,-3.43,,,,,,,,,,,,,,
58:8C:81:40:BE:1C,Center,0,2964573,Imu,0.023668,0.046848,1.035292,3.22,-1.995,-1.015,,,,,,,,,,,,,,
58:8C:81:40:BE:24,Center,1,3003285,Imu,-0.0043920004,0.060512003,1.0601801,-1.68,39.83,-3.5,,,,,,,,,,,,,,
58:8C:81:40:BE:1C,Center,0,3033566,Imu,0.027328001,0.057584,1.009672,3.92,-0.77,-0.945,,,,,,,,,,,,,,
58:8C:81:40:BE:24,Center,1,3064557,Imu,-0.017323999,0.062464003,1.002596,-1.68,33.53,-3.465,,,,,,,,,,,,,,
58:8C:81:40:BE:24,Center,1,3095671,Imu,-0.027572,0.062708,1.023824,-1.785,38.64,-3.465,,,,,,,,,,,,,,
58:8C:81:40:BE:24,Center,1,3126347,Imu,-0.02806,0.064660005,1.008696,-1.715,37.45,-3.395,,,,,,,,,,,,,,
58:8C:81:40:BE:1C,Center,0,3156579,Imu,0.045628004,0.037332002,1.062132,-2.45,-1.225,-0.98,,,,,,,,,,,,,,
58:8C:81:40:BE:24,Center,1,3187348,Imu,-0.01708,0.066612,1.000156,-1.575,39.305,-3.5,,,,,,,,,,,,,,
58:8C:81:40:BE:1C,Center,0,3217580,Imu,0.038552,0.047092,1.038464,-2.24,-2.135,-0.875,,,,,,,,,,,,,,
58:8C:81:40:BE:24,Center,1,3248447,Imu,-0.03416,0.063684,1.014308,-1.785,39.235,-3.5,,,,,,,,,,,,,,
58:8C:81:40:BE:1C,Center,0,3279643,Imu,0.02806,0.036844,1.040172,0.105,-0.595,-0.875,,,,,,,,,,,,,,
58:8C:81:40:BE:24,Center,1,3310345,Imu,-0.035868,0.071736,0.98624796,-1.75,39.2,-3.5,,,,,,,,,,,,,,
58:8C:81:40:BE:24,Center,1,3340563,Imu,-0.014396,0.063195996,0.994544,-1.645,38.78,-3.535,,,,,,,,,,,,,,
58:8C:81:40:BE:24,Center,1,3371853,Gps,,,,,,,43.477665,-80.54597933333334,342.3,0.025,63,2026,3,8,21,33,14,0,,
58:8C:81:40:BE:1C,Center,0,3402809,Imu,0.029768,0.051728,0.997228,3.465,-0.455,-0.91,,,,,,,,,,,,,,
58:8C:81:40:BE:1C,Center,0,3433512,Imu,0.044652,0.044408,1.045052,-2.52,-1.75,-0.91,,,,,,,,,,,,,,
58:8C:81:40:BE:24,Center,1,3464500,Imu,-0.020008,0.058072,1.03334,-1.61,35.7,-3.5,,,,,,,,,,,,,,
58:8C:81:40:BE:24,Center,1,3501819,Imu,-0.020496,0.056852,1.0506641,-1.75,39.2,-3.57,,,,,,,,,,,,,,
58:8C:81:40:BE:1C,Center,0,3532141,Heartbeat,,,,,,,,,,,,,,,,,,,66,
58:8C:81:40:BE:1C,Center,0,3562994,Imu,0.032452,0.044408,1.000156,2.87,-0.595,-1.015,,,,,,,,,,,,,,
58:8C:81:40:BE:1C,Center,0,3593889,Imu,0.030012,0.04636,1.037732,-1.645,-2.345,-0.945,,,,,,,,,,,,,,
58:8C:81:40:BE:1C,Center,0,3624945,Imu,0.02562,0.036844,1.0462719,1.33,-0.28,-0.77,,,,,,,,,,,,,,
58:8C:81:40:BE:1C,Center,0,3655831,Imu,0.026352001,0.035868,1.067256,-0.77,0.0,-0.84,,,,,,,,,,,,,,
58:8C:81:40:BE:24,Center,1,3686846,Gps,,,,,,,43.477665,-80.54597933333334,342.3,0.003,63,2026,3,8,21,33,14,0,,
58:8C:81:40:BE:1C,Center,0,3718089,Imu,0.039284002,0.034647997,1.064816,-2.03,-0.735,-0.875,,,,,,,,,,,,,,
58:8C:81:40:BE:24,Center,1,3748831,Imu,-0.025864,0.059048,1.025776,-1.575,38.185,-3.465,,,,,,,,,,,,,,
58:8C:81:40:BE:24,Center,1,3779816,Gps,,,,,,,43.477665,-80.54597933333334,342.3,0.023,63,2026,3,8,21,33,14,0,,
58:8C:81:40:BE:24,Center,1,3810886,Imu,-0.035380002,0.066124,0.996252,-1.785,39.585,-3.535,,,,,,,,,,,,,,
58:8C:81:40:BE:1C,Center,0,3842019,Imu,0.028304001,0.058560003,1.001132,4.13,-0.56,-0.91,,,,,,,,,,,,,,
58:8C:81:40:BE:24,Center,1,3872834,Imu,-0.015616001,0.058560003,1.065792,-1.75,39.97,-3.605,,,,,,,,,,,,,,
58:8C:81:40:BE:1C,Center,0,3903992,Imu,0.034404,0.049776003,0.99820405,2.94,-0.91,-0.91,,,,,,,,,,,,,,
58:8C:81:40:BE:24,Center,1,3934878,Imu,-0.0065880003,0.060024,1.059448,-1.715,36.645,-3.5,,,,,,,,,,,,,,
58:8C:81:40:BE:1C,Center,0,3966054,Imu,0.024644,0.048556,1.0411481,0.455,-2.695,-1.05,,,,,,,,,,,,,,
58:8C:81:40:BE:24,Center,1,4003169,Imu,-0.021472,0.054412,1.0535921,-1.82,39.62,-3.535,,,,,,,,,,,,,,
58:8C:81:40:BE:24,Center,1,4033319,Imu,-0.026108,0.060268,1.0187,-1.715,32.165,-3.395,,,,,,,,,,,,,,
58:8C:81:40:BE:1C,Center,0,4063831,Imu,0.03294,0.035624,1.036756,1.155,-0.805,-0.84,,,,,,,,,,,,,,
58:8C:81:40:BE:24,Center,1,4095027,Imu,-0.027084,0.059536,1.048712,-1.61,39.2,-3.535,,,,,,,,,,,,,,
58:8C:81:40:BE:24,Center,1,4125879,Imu,-0.0078080003,0.067344,0.99796003,-1.75,38.64,-3.535,,,,,,,,,,,,,,
58:8C:81:40:BE:24,Center,1,4156939,Imu,-0.021960001,0.061732,1.009428,-1.645,39.375,-3.395,,,,,,,,,,,,,,
58:8C:81:40:BE:24,Center,1,4187617,Gps,,,,,,,43.477665,-80.54597933333334,342.3,0.015,63,2026,3,8,21,33,15,0,,
58:8C:81:40:BE:24,Center,1,4217857,Imu,-0.026108,0.063195996,1.018944,-1.785,39.76,-3.5,,,,,,,,,,,,,,
58:8C:81:40:BE:1C,Center,0,4248999,Imu,0.043188,0.04758,1.038708,-2.03,-2.205,-1.015,,,,,,,,,,,,,,
58:8C:81:40:BE:1C,Center,0,4279930,Imu,0.03172,0.042456,1.007964,1.855,-0.595,-0.875,,,,,,,,,,,,,,
58:8C:81:40:BE:1C,Center,0,4311013,Imu,0.0244,0.04636,1.0309,-1.085,-2.45,-1.085,,,,,,,,,,,,,,
58:8C:81:40:BE:1C,Center,0,4341852,Imu,0.020984001,0.046848,1.0379759,1.085,-2.31,-0.98,,,,,,,,,,,,,,
58:8C:81:40:BE:24,Center,1,4373037,Imu,-0.029280001,0.060756,1.015284,-1.61,39.69,-3.5,,,,,,,,,,,,,,
58:8C:81:40:BE:1C,Center,0,4403872,Imu,0.023668,0.052948,1.044564,2.765,-1.575,-1.015,,,,,,,,,,,,,,
58:8C:81:40:BE:24,Center,1,4435095,Imu,-0.031476,0.061,1.0330961,-1.68,38.64,-3.465,,,,,,,,,,,,,,
58:8C:81:40:BE:1C,Center,0,4465822,Imu,0.047092,0.042944,1.049688,-2.03,-1.715,-1.12,,,,,,,,,,,,,,
58:8C:81:40:BE:1C,Center,0,4496910,Imu,0.038796,0.046848,0.995764,2.485,-0.735,-0.91,,,,,,,,,,,,,,
58:8C:81:40:BE:1C,Center,0,4502046,Imu,0.038796,0.036112,1.0638399,-1.47,-0.63,-0.98,,,,,,,,,,,,,,
58:8C:81:40:BE:1C,Center,0,4532290,Imu,0.025376,0.047092,1.0382199,0.21,-2.24,-0.98,,,,,,,,,,,,,,
58:8C:81:40:BE:24,Center,1,4563287,Gps,,,,,,,43.477665,-80.54597916666667,342.3,0.02,63,2026,3,8,21,33,15,0,,
58:8C:81:40:BE:24,Center,1,4594210,Imu,-0.03172,0.076128,0.982832,-1.575,37.205,-3.535,,,,,,,,,,,,,,
58:8C:81:40:BE:24,Center,1,4624920,Imu,-0.0244,0.058560003,1.051152,-1.715,39.585,-3.5,,,,,,,,,,,,,,
58:8C:81:40:BE:24,Center,1,4655164,Imu,-0.034892,0.06344,1.010404,-1.82,39.41,-3.5,,,,,,,,,,,,,,
58:8C:81:40:BE:24,Center,1,4686004,Imu,-0.032452,0.060268,1.032852,-1.645,39.515,-3.535,,,,,,,,,,,,,,
58:8C:81:40:BE:1C,Center,0,4717010,Imu,0.035380002,0.048068002,1.039928,-2.38,-2.17,-0.875,,,,,,,,,,,,,,
58:8C:81:40:BE:1C,Center,0,4748240,Imu,0.028304001,0.059292,1.008696,3.36,-0.7,-1.015,,,,,,,,,,,,,,
58:8C:81:40:BE:24,Center,1,4779117,Imu,-0.0041480004,0.059536,1.057984,-1.785,39.48,-3.5,,,,,,,,,,,,,,
58:8C:81:40:BE:1C,Center,0,4810095,Imu,0.035624,0.051728,0.996496,3.36,-0.63,-0.91,,,,,,,,,,,,,,
58:8C:81:40:BE:24,Center,1,4841278,Imu,-0.016836,0.064660005,0.99308,-1.645,39.725,-3.535,,,,,,,,,,,,,,
58:8C:81:40:BE:1C,Center,0,4872106,Imu,0.029768,0.046604,1.031876,-0.945,-2.94,-1.085,,,,,,,,,,,,,,
58:8C:81:40:BE:24,Center,1,4903151,Imu,-0.029768,0.058316004,1.02602,-1.82,39.515,-3.57,,,,,,,,,,,,,,
58:8C:81:40:BE:24,Center,1,4933832,Imu,-0.025376,0.058804,1.0553,-1.61,39.9,-3.5,,,,,,,,,,,,,,
58:8C:81:40:BE:24,Center,1,4964217,Gps,,,,,,,43.477665,-80.54597916666667,342.3,0.011,63,2026,3,8,21,33,15,0,,
58:8C:81:40:BE:24,Center,1,5003871,Imu,-0.018544002,0.06222,1.055056,-1.82,38.29,-3.535,,,,,,,,,,,,,,
58:8C:81:40:BE:1C,Center,0,5034259,Imu,0.02318,0.06344,1.02236,2.835,-0.945,-1.05,,,,,,,,,,,,,,
58:8C:81:40:BE:1C,Center,0,5065209,Imu,0.033428002,0.026352001,1.017724,1.82,-0.91,-0.595,,,,,,,,,,,,,,
58:8C:81:40:BE:1C,Center,0,5096398,Imu,0.035624,0.038308,1.069452,-0.385,-3.01,-1.05,,,,,,,,,,,,,,
58:8C:81:40:BE:1C,Center,0,5127223,Imu,0.0244,0.070760004,0.994544,3.99,0.84,-1.12,,,,,,,,,,,,,,
58:8C:81:40:BE:24,Center,1,5158349,Imu,-0.002928,0.04636,1.046516,-1.75,39.375,-3.535,,,,,,,,,,,,,,
58:8C:81:40:BE:1C,Center,0,5189297,Imu,0.040748,0.044164002,1.020896,2.03,-1.33,-0.945,,,,,,,,,,,,,,
58:8C:81:40:BE:24,Center,1,5220004,Imu,-0.022204,0.088571995,1.022604,-1.785,36.82,-3.465,,,,,,,,,,,,,,
58:8C:81:40:BE:1C,Center,0,5250253,Imu,-0.0021960002,0.044164002,1.036756,-0.21,-3.885,-1.12,,,,,,,,,,,,,,
58:8C:81:40:BE:24,Center,1,5280976,Imu,-0.027328001,0.071248,1.049688,-1.645,38.29,-3.43,,,,,,,,,,,,,,
58:8C:81:40:BE:1C,Center,0,5311187,Imu,-0.008296001,0.047092,1.0309,1.33,0.56,-1.225,,,,,,,,,,,,,,
58:8C:81:40:BE:24,Center,1,5342376,Imu,0.005124,0.078812,0.992104,-1.645,39.13,-3.5,,,,,,,,,,,,,,
58:8C:81:40:BE:24,Center,1,5373249,Gps,,,,,,,43.477665,-80.54597916666667,342.3,0.014,63,2026,3,8,21,33,16,0,,
58:8C:81:40:BE:24,Center,1,5404138,Imu,-0.003172,0.060024,0.98332,-1.61,39.27,-3.5,,,,,,,,,,,,,,
58:8C:81:40:BE:24,Center,1,5435424,Imu,-0.021960001,0.064904,0.94696397,-1.89,38.99,-3.5,,,,,,,,,,,,,,
58:8C:81:40:BE:24,Center,1,5466220,Gps,,,,,,,43.477665,-80.54597916666667,342.3,0.042,63,2026,3,8,21,33,16,0,,
58:8C:81:40:BE:1C,Center,0,5502241,Imu,0.028548,0.09638,0.956968,4.445,0.175,-0.945,,,,,,,,,,,,,,
58:8C:81:40:BE:1C,Center,0,5532475,Imu,0.051972,0.094184,1.0638399,1.05,3.43,-0.7,,,,,,,,,,,,,,
58:8C:81:40:BE:24,Center,1,5563264,Imu,-0.026108,0.130052,1.0182121,-1.75,36.33,-3.5,,,,,,,,,,,,,,
58:8C:81:40:BE:24,Center,1,5594167,Imu,-0.033184003,0.14200799,0.956968,-1.68,39.445,-3.605,,,,,,,,,,,,,,
58:8C:81:40:BE:1C,Center,0,5625083,Imu,0.00048800002,0.094672,1.049932,8.645,2.31,-0.175,,,,,,,,,,,,,,
58:8C:81:40:BE:24,Center,1,5656089,Imu,-0.059779998,0.106872,0.980636,-1.575,39.83,-3.605,,,,,,,,,,,,,,
58:8C:81:40:BE:24,Center,1,5687275,Imu,-0.085644,0.19349201,1.011624,-1.68,40.005,-3.535,,,,,,,,,,,,,,
58:8C:81:40:BE:1C,Center,0,5718026,Imu,0.005124,0.159576,1.062132,3.185,-0.595,-0.875,,,,,,,,,,,,,,
58:8C:81:40:BE:24,Center,1,5748269,Imu,-0.003172,0.25278398,1.039928,-1.68,36.365,-3.5,,,,,,,,,,,,,,
58:8C:81:40:BE:24,Center,1,5779034,Gps,,,,,,,43.47766516666667,-80.545979,342.3,0.267,70,2026,3,8,21,33,16,0,,
58:8C:81:40:BE:24,Center,1,5809303,Imu,-0.051728,0.28743201,1.050908,-1.785,39.375,-3.535,,,,,,,,,,,,,,
58:8C:81:40:BE:24,Center,1,5840240,Imu,-0.0915,0.31964,1.030412,-1.75,35.245,-3.395,,,,,,,,,,,,,,
58:8C:81:40:BE:24,Center,1,5871238,Gps,,,,,,,43.47766516666667,-80.54597866666667,342.3,0.536,66,2026,3,8,21,33,16,0,,
58:8C:81:40:BE:1C,Center,0,5902352,Imu,0.012932,0.44164002,1.0309,7.105,-1.89,1.54,,,,,,,,,,,,,,
58:8C:81:40:BE:24,Center,1,5933043,Imu,-0.099064,0.449936,0.996252,-1.645,33.6,-3.465,,,,,,,,,,,,,,
58:8C:81:40:BE:24,Center,1,5963163,Imu,-0.099796,0.489708,0.98600405,-1.715,39.305,-3.43,,,,,,,,,,,,,,
58:8C:81:40:BE:24,Center,1,6005697,Imu,-0.123952,0.44896,0.971852,-1.61,39.48,-3.535,,,,,,,,,,,,,,
58:8C:81:40:BE:1C,Center,0,6035834,Imu,0.021716,0.48312,0.97356,2.94,-3.255,3.675,,,,,,,,,,,,,,
58:8C:81:40:BE:24,Center,1,6066301,Imu,-0.088328004,0.436272,0.938912,-1.75,39.375,-3.5,,,,,,,,,,,,,,
58:8C:81:40:BE:1C,Center,0,6097476,Imu,0.014396,0.500688,1.026996,4.97,-1.645,5.81,,,,,,,,,,,,,,
58:8C:81:40:BE:24,Center,1,6128356,Imu,-0.08954801,0.55729604,0.947208,-1.645,38.885,-3.535,,,,,,,,,,,,,,
58:8C:81:40:BE:24,Center,1,6159455,Imu,-0.09516,0.546072,0.947452,-1.82,39.48,-3.57,,,,,,,,,,,,,,
58:8C:81:40:BE:24,Center,1,6190394,Gps,,,,,,,43.47766633333333,-80.5459755,342.3,2.561,65,2026,3,8,21,33,17,0,,
58:8C:81:40:BE:1C,Center,0,6221606,Imu,0.020252,0.53436,0.93769205,3.185,-1.19,9.065,,,,,,,,,,,,,,
58:8C:81:40:BE:1C,Center,0,6252412,Imu,-0.008784001,0.476044,0.9089,3.71,-3.185,8.26,,,,,,,,,,,,,,
58:8C:81:40:BE:24,Center,1,6283598,Gps,,,,,,,43.477667,-80.5459735,342.3,3.344,64,2026,3,8,21,33,17,0,,
58:8C:81:40:BE:24,Center,1,6314473,Imu,-0.040504,0.534604,0.994544,-1.645,39.445,-3.43,,,,,,,,,,,,,,
58:8C:81:40:BE:1C,Center,0,6345247,Imu,0.014152001,0.49312398,0.97282803,0.035,-1.33,9.24,,,,,,,,,,,,,,
58:8C:81:40:BE:24,Center,1,6375454,Gps,,,,,,,43.477667833333335,-80.54597116666666,342.3,4.239,63,2026,3,8,21,33,17,0,,
58:8C:81:40:BE:24,Center,1,6406354,Imu,-0.183976,0.43578398,0.945256,-1.61,36.505,-3.57,,,,,,,,,,,,,,
58:8C:81:40:BE:1C,Center,0,6437421,Imu,-0.023912001,0.528504,0.930128,1.33,2.765,12.25,,,,,,,,,,,,,,
58:8C:81:40:BE:24,Center,1,6468535,Imu,-0.14493601,0.413336,1.025532,-1.715,40.6,-3.5,,,,,,,,,,,,,,
58:8C:81:40:BE:1C,Center,0,6502444,Imu,-0.052948,0.54704803,0.974536,5.285,6.02,13.02,,,,,,,,,,,,,,
58:8C:81:40:BE:1C,Center,0,6532633,Heartbeat,,,,,,,,,,,,,,,,,,,66,
58:8C:81:40:BE:24,Center,1,6563076,Imu,-0.119316004,0.504104,0.88254803,-1.645,39.62,-3.605,,,,,,,,,,,,,,
58:8C:81:40:BE:24,Center,1,6593267,Gps,,,,,,,43.47767016666667,-80.54596483333333,342.3,5.924,61,2026,3,8,21,33,17,0,,
58:8C:81:40:BE:24,Center,1,6624366,Imu,-0.203008,0.52094,0.99478805,-1.75,38.64,-3.465,,,,,,,,,,,,,,
58:8C:81:40:BE:1C,Center,0,6655083,Imu,-0.00488,0.49776,1.00894,4.76,1.54,14.07,,,,,,,,,,,,,,
58:8C:81:40:BE:1C,Center,0,6685467,Imu,-0.056608003,0.49776,0.95526004,-1.12,-3.885,13.65,,,,,,,,,,,,,,
58:8C:81:40:BE:1C,Center,0,6716259,Imu,-0.012932,0.38722798,0.937936,-3.955,-4.865,12.775,,,,,,,,,,,,,,
58:8C:81:40:BE:1C,Center,0,6747484,Imu,-0.021716,0.469944,1.043588,3.22,-1.295,14.91,,,,,,,,,,,,,,
58:8C:81:40:BE:24,Center,1,6778256,Imu,-0.114192,0.49532002,0.90036,-1.61,39.445,-3.57,,,,,,,,,,,,,,
58:8C:81:40:BE:24,Center,1,6809322,Imu,-0.146888,0.53972805,1.0250441,-1.68,35.175,-3.64,,,,,,,,,,,,,,
58:8C:81:40:BE:24,Center,1,6840237,Imu,-0.066368006,0.517768,0.84936404,-1.68,39.655,-3.43,,,,,,,,,,,,,,
58:8C:81:40:BE:24,Center,1,6871321,Imu,-0.089792,0.57608396,0.911828,-1.75,39.655,-3.605,,,,,,,,,,,,,,
58:8C:81:40:BE:24,Center,1,6902428,Imu,-0.0183,0.461404,0.91744,-1.68,39.445,-3.605,,,,,,,,,,,,,,
58:8C:81:40:BE:24,Center,1,6933263,Imu,-0.13786,0.540216,1.072136,-1.785,39.55,-3.535,,,,,,,,,,,,,,
58:8C:81:40:BE:24,Center,1,6964223,Imu,-0.035868,0.570716,0.972584,-1.61,39.41,-3.535,,,,,,,,,,,,,,
58:8C:81:40:BE:24,Center,1,7003025,Imu,-0.070272006,0.56705606,0.82276803,-1.68,38.5,-3.535,,,,,,,,,,,,,,
58:8C:81:40:BE:24,Center,1,7033216,Imu,-0.17665601,0.478484,1.0970241,-1.61,39.41,-3.5,,,,,,,,,,,,,,
58:8C:81:40:BE:24,Center,1,7063997,Imu,-0.115412004,0.550464,0.847168,-1.645,37.03,-3.57,,,,,,,,,,,,,,
58:8C:81:40:BE:24,Center,1,7094714,Imu,-0.11443601,0.46408802,0.892552,-1.785,38.325,-3.5,,,,,,,,,,,,,,
58:8C:81:40:BE:1C,Center,0,7124964,Imu,0.054168,0.541436,0.913048,3.78,-2.205,9.94,,,,,,,,,,,,,,
58:8C:81:40:BE:24,Center,1,7156117,Imu,-0.127368,0.546072,0.96404403,-1.82,38.22,-3.64,,,,,,,,,,,,,,
58:8C:81:40:BE:1C,Center,0,7186959,Imu,0.073688,0.51654804,0.930372,3.045,-6.405,8.015,,,,,,,,,,,,,,
58:8C:81:40:BE:1C,Center,0,7217959,Imu,0.099064,0.42163202,1.062376,-4.34,-2.17,8.61,,,,,,,,,,,,,,
58:8C:81:40:BE:24,Center,1,7248969,Imu,-0.049288,0.53436,0.896456,-1.645,36.015,-3.57,,,,,,,,,,,,,,
58:8C:81:40:BE:24,Center,1,7280127,Gps,,,,,,,43.47768666666666,-80.54593116666666,342.2,11.383,53,2026,3,8,21,33,18,0,,
58:8C:81:40:BE:24,Center,1,7311002,Imu,0.025376,0.521428,0.944768,-1.68,39.655,-3.605,,,,,,,,,,,,,,
58:8C:81:40:BE:1C,Center,0,7341723,Imu,0.080032,0.566568,1.003328,-1.785,-2.135,4.55,,,,,,,,,,,,,,
58:8C:81:40:BE:24,Center,1,7371914,Imu,-0.09638,0.44408002,0.942328,-1.785,39.585,-3.5,,,,,,,,,,,,,,
58:8C:81:40:BE:24,Center,1,7403038,Imu,0.0043920004,0.59999603,0.960872,-1.75,37.17,-3.5,,,,,,,,,,,,,,
58:8C:81:40:BE:24,Center,1,7433842,Imu,-0.077104,0.59365195,1.0248001,-1.75,36.33,-3.43,,,,,,,,,,,,,,
58:8C:81:40:BE:1C,Center,0,7464919,Imu,0.062464003,0.3721,0.87034804,4.865,-3.465,3.15,,,,,,,,,,,,,,
58:8C:81:40:BE:1C,Center,0,7495910,Imu,0.152256,0.592432,1.013088,-0.315,-4.095,2.975,,,,,,,,,,,,,,
58:8C:81:40:BE:1C,Center,0,7503174,Imu,0.01586,0.526552,0.983808,8.925,-1.015,2.135,,,,,,,,,,,,,,
58:8C:81:40:BE:1C,Center,0,7533565,Imu,-0.008296001,0.4758,1.0538361,6.895,-4.375,1.89,,,,,,,,,,,,,,
58:8C:81:40:BE:24,Center,1,7563969,Gps,,,,,,,43.4776975,-80.54591133333334,342.2,13.832,52,2026,3,8,21,33,18,0,,
58:8C:81:40:BE:24,Center,1,7595092,Imu,0.008052,0.434076,0.876692,-1.75,39.48,-3.605,,,,,,,,,,,,,,
58:8C:81:40:BE:1C,Center,0,7625923,Imu,0.033672,0.488,0.87132406,-5.425,-5.04,1.925,,,,,,,,,,,,,,
58:8C:81:40:BE:24,Center,1,7656911,Imu,-0.045628004,0.425536,1.00528,-1.645,39.165,-3.465,,,,,,,,,,,,,,
58:8C:81:40:BE:24,Center,1,7687881,Imu,0.054656003,0.352824,0.97819597,-1.715,40.075,-3.465,,,,,,,,,,,,,,
58:8C:81:40:BE:24,Center,1,7719002,Imu,0.086376,0.388204,0.791292,-1.82,39.55,-3.57,,,,,,,,,,,,,,
58:8C:81:40:BE:24,Center,1,7750175,Imu,0.0854,0.331108,1.031144,-1.855,39.76,-3.535,,,,,,,,,,,,,,
58:8C:81:40:BE:24,Center,1,7780958,Imu,0.082228005,0.291336,1.031632,-1.75,39.445,-3.43,,,,,,,,,,,,,,
58:8C:81:40:BE:1C,Center,0,7811938,Imu,0.182024,0.18788001,1.064816,-8.365,-12.915,-4.025,,,,,,,,,,,,,,
58:8C:81:40:BE:1C,Center,0,7843099,Imu,0.249124,0.119804,0.92329603,-12.425,-3.85,-3.08,,,,,,,,,,,,,,
58:8C:81:40:BE:1C,Center,0,7874040,Imu,0.288164,0.09735601,0.984296,-6.58,-10.675,-5.145,,,,,,,,,,,,,,
58:8C:81:40:BE:1C,Center,0,7904879,Imu,0.279868,0.03904,0.95574796,-13.615,-3.08,-5.46,,,,,,,,,,,,,,
58:8C:81:40:BE:1C,Center,0,7935878,Imu,0.25742,-0.083692,1.05042,-7.315,-3.29,-7.175,,,,,,,,,,,,,,
58:8C:81:40:BE:24,Center,1,7966985,Gps,,,,,,,43.477715333333336,-80.54588,342.2,16.286,52,2026,3,8,21,33,18,0,,
58:8C:81:40:BE:1C,Center,0,8003114,Imu,0.18031602,-0.1525,1.0860441,-11.025,-2.345,-9.065,,,,,,,,,,,,,,
58:8C:81:40:BE:24,Center,1,8033419,Imu,0.122244,-0.14713201,0.965508,-1.68,35.91,-3.5,,,,,,,,,,,,,,
58:8C:81:40:BE:1C,Center,0,8064042,Imu,0.20862,-0.269132,1.007964,-7.84,-2.1,-10.675,,,,,,,,,,,,,,
58:8C:81:40:BE:1C,Center,0,8095091,Imu,0.238388,-0.31842002,1.01382,-11.725,-4.025,-11.69,,,,,,,,,,,,,,
58:8C:81:40:BE:1C,Center,0,8125857,Imu,0.29597202,-0.258884,1.059204,-4.13,-2.065,-12.32,,,,,,,,,,,,,,
58:8C:81:40:BE:24,Center,1,8156174,Imu,0.30475602,-0.162992,1.054812,-1.75,38.71,-3.465,,,,,,,,,,,,,,
58:8C:81:40:BE:1C,Center,0,8187104,Imu,0.361608,-0.216672,1.0282161,-1.505,-5.495,-14.525,,,,,,,,,,,,,,
58:8C:81:40:BE:1C,Center,0,8217989,Imu,0.410896,-0.190808,1.078724,2.625,-2.87,-16.415,,,,,,,,,,,,,,
58:8C:81:40:BE:1C,Center,0,8249080,Imu,0.40357602,-0.162748,1.031876,0.455,-6.055,-18.34,,,,,,,,,,,,,,
58:8C:81:40:BE:24,Center,1,8280191,Imu,0.420412,-0.074176006,1.0919,-1.645,38.5,-3.57,,,,,,,,,,,,,,
58:8C:81:40:BE:1C,Center,0,8310987,Imu,0.48824403,-0.15054801,1.047492,-2.135,-10.36,-20.125,,,,,,,,,,,,,,
58:8C:81:40:BE:24,Center,1,8341907,Imu,0.43578398,-0.00122,1.068232,-1.645,39.48,-3.5,,,,,,,,,,,,,,
58:8C:81:40:BE:24,Center,1,8372939,Imu,0.411872,0.035380002,1.08946,-1.75,39.725,-3.57,,,,,,,,,,,,,,
58:8C:81:40:BE:24,Center,1,8404104,Imu,0.4575,-0.002684,0.971364,-1.715,38.045,-3.605,,,,,,,,,,,,,,
58:8C:81:40:BE:24,Center,1,8434881,Imu,0.513376,-0.014396,0.8418,-1.645,39.375,-3.535,,,,,,,,,,,,,,
58:8C:81:40:BE:24,Center,1,8465146,Gps,,,,,,,43.47773516666667,-80.5458395,342.1,14.901,60,2026,3,8,21,33,19,0,,
58:8C:81:40:BE:24,Center,1,8503253,Imu,0.58194,-0.063684,0.839604,-1.68,39.41,-3.535,,,,,,,,,,,,,,
58:8C:81:40:BE:1C,Center,0,8533607,Imu,0.540948,-0.11443601,1.051396,-7.945,-4.865,-29.715,,,,,,,,,,,,,,
58:8C:81:40:BE:1C,Center,0,8564505,Imu,0.615368,-0.256444,1.0992199,-3.675,-13.265,-32.62,,,,,,,,,,,,,,
58:8C:81:40:BE:1C,Center,0,8595313,Imu,0.526552,-0.139812,0.840092,-3.395,1.995,-32.2,,,,,,,,,,,,,,
58:8C:81:40:BE:24,Center,1,8626272,Imu,0.702232,-0.07564,1.0779921,-1.645,39.48,-3.535,,,,,,,,,,,,,,
58:8C:81:40:BE:1C,Center,0,8657377,Imu,0.77665204,-0.22350399,1.02114,-4.095,3.115,-36.12,,,,,,,,,,,,,,
58:8C:81:40:BE:1C,Center,0,8688428,Imu,0.720044,-0.189344,0.923052,3.08,-22.89,-39.235,,,,,,,,,,,,,,
58:8C:81:40:BE:1C,Center,0,8719578,Imu,0.73688,-0.201056,1.0538361,-5.32,-13.86,-39.725,,,,,,,,,,,,,,
58:8C:81:40:BE:24,Center,1,8750587,Imu,0.865468,-0.018544002,1.084336,-1.75,38.78,-3.535,,,,,,,,,,,,,,
58:8C:81:40:BE:24,Center,1,8781450,Imu,0.854488,-0.122488,1.100196,-1.645,39.48,-3.43,,,,,,,,,,,,,,
58:8C:81:40:BE:24,Center,1,8812473,Imu,0.763232,-0.119072,0.99015206,-1.715,34.475,-3.57,,,,,,,,,,,,,,
58:8C:81:40:BE:24,Center,1,8843304,Imu,0.631472,0.0078080003,0.949404,-1.785,39.62,-3.57,,,,,,,,,,,,,,
58:8C:81:40:BE:24,Center,1,8874512,Gps,,,,,,,43.477745166666665,-80.545805,342.0,14.365,73,2026,3,8,21,33,19,0,,
58:8C:81:40:BE:24,Center,1,8905468,Imu,0.69466805,-0.13786,0.96941197,-1.68,38.745,-3.605,,,,,,,,,,,,,,
58:8C:81:40:BE:24,Center,1,8936468,Imu,0.68978804,0.027816,0.9577,-1.575,36.89,-3.535,,,,,,,,,,,,,,
58:8C:81:40:BE:24,Center,1,8967472,Gps,,,,,,,43.477746333333336,-80.54579583333333,342.0,14.546,79,2026,3,8,21,33,19,0,,
58:8C:81:40:BE:1C,Center,0,9005008,Imu,0.58779603,-0.122,1.1324041,5.25,19.25,-45.5,,,,,,,,,,,,,,
58:8C:81:40:BE:24,Center,1,9035393,Imu,0.830576,-0.056608003,0.986492,-1.785,39.83,-3.605,,,,,,,,,,,,,,
58:8C:81:40:BE:24,Center,1,9066080,Imu,0.93696004,-0.123952,1.125084,-1.75,38.57,-3.605,,,,,,,,,,,,,,
58:8C:81:40:BE:24,Center,1,9097260,Gps,,,,,,,43.47774716666667,-80.54578683333334,342.0,14.408,83,2026,3,8,21,33,20,0,,
58:8C:81:40:BE:24,Center,1,9128203,Imu,0.77250403,-0.142984,1.082628,-1.785,39.655,-3.57,,,,,,,,,,,,,,
58:8C:81:40:BE:24,Center,1,9159044,Imu,0.633424,-0.108824,0.88108397,-1.68,39.095,-3.57,,,,,,,,,,,,,,
58:8C:81:40:BE:1C,Center,0,9190196,Imu,0.62878805,-0.088816,1.115324,3.465,12.215,-49.21,,,,,,,,,,,,,,
58:8C:81:40:BE:1C,Center,0,9220951,Imu,0.763232,0.059048,0.920124,11.97,15.75,-48.72,,,,,,,,,,,,,,
58:8C:81:40:BE:24,Center,1,9251221,Imu,0.667096,0.04514,0.93769205,-1.715,39.655,-3.57,,,,,,,,,,,,,,
58:8C:81:40:BE:24,Center,1,9282165,Gps,,,,,,,43.477747,-80.54576866666666,342.0,14.24,92,2026,3,8,21,33,20,0,,
58:8C:81:40:BE:1C,Center,0,9313256,Imu,0.759816,-0.063195996,0.913292,-14.28,-25.34,-46.83,,,,,,,,,,,,,,
58:8C:81:40:BE:1C,Center,0,9343965,Imu,0.63806,-0.0070760003,0.771528,5.04,-12.215,-46.55,,,,,,,,,,,,,,
58:8C:81:40:BE:1C,Center,0,9374188,Imu,1.016504,-0.044164002,1.2402519,-12.075,-16.45,-45.255,,,,,,,,,,,,,,
58:8C:81:40:BE:1C,Center,0,9405002,Imu,0.856684,0.020252,0.984784,3.22,-6.125,-45.08,,,,,,,,,,,,,,
58:8C:81:40:BE:24,Center,1,9436174,Imu,0.6588,0.06954,1.2368361,-1.75,37.975,-3.43,,,,,,,,,,,,,,
58:8C:81:40:BE:24,Center,1,9467191,Gps,,,,,,,43.47774483333333,-80.54575033333333,342.0,14.764,100,2026,3,8,21,33,20,0,,
58:8C:81:40:BE:1C,Center,0,9503469,Imu,0.638548,0.067344,1.1497281,-25.48,-22.645,-42.14,,,,,,,,,,,,,,
58:8C:81:40:BE:1C,Center,0,9533770,Heartbeat,,,,,,,,,,,,,,,,,,,66,
58:8C:81:40:BE:24,Center,1,9564483,Imu,0.579256,0.092232004,1.11508,-1.435,36.82,-3.465,,,,,,,,,,,,,,
58:8C:81:40:BE:24,Center,1,9594828,Gps,,,,,,,43.477742666666664,-80.545741,342.0,15.075,106,2026,3,8,21,33,20,0,,
58:8C:81:40:BE:24,Center,1,9625722,Imu,0.346724,0.057584,1.026996,-1.68,39.025,-3.57,,,,,,,,,,,,,,
58:8C:81:40:BE:1C,Center,0,9656780,Imu,0.453596,0.060024,0.705892,5.355,-4.725,-44.24,,,,,,,,,,,,,,
58:8C:81:40:BE:24,Center,1,9687600,Gps,,,,,,,43.47774016666666,-80.54573183333333,342.0,15.378,109,2026,3,8,21,33,20,0,,
58:8C:81:40:BE:1C,Center,0,9718665,Imu,0.54168,-0.080276,0.868884,-8.61,-6.44,-39.585,,,,,,,,,,,,,,
58:8C:81:40:BE:1C,Center,0,9749873,Imu,0.426512,-0.024888001,1.09068,3.955,11.97,-37.24,,,,,,,,,,,,,,
58:8C:81:40:BE:24,Center,1,9780602,Gps,,,,,,,43.477737166666664,-80.54572283333333,342.0,15.616,114,2026,3,8,21,33,20,0,,
58:8C:81:40:BE:1C,Center,0,9811668,Imu,0.321836,0.01342,1.284416,-7.63,7.665,-35.315,,,,,,,,,,,,,,
58:8C:81:40:BE:1C,Center,0,9842772,Imu,0.23985201,0.073688,0.85888,12.18,4.865,-31.29,,,,,,,,,,,,,,
58:8C:81:40:BE:24,Center,1,9873567,Gps,,,,,,,43.4777335,-80.545714,342.0,15.76,118,2026,3,8,21,33,20,0,,
58:8C:81:40:BE:24,Center,1,9903863,Imu,0.098332,0.15372,0.973316,-1.855,36.645,-3.535,,,,,,,,,,,,,,
58:8C:81:40:BE:24,Center,1,9934616,Imu,0.101992,0.155184,1.0811641,-1.82,39.795,-3.78,,,,,,,,,,,,,,
58:8C:81:40:BE:24,Center,1,9965685,Imu,0.120048,0.183,1.1324041,-1.75,39.585,-3.465,,,,,,,,,,,,,,
58:8C:81:40:BE:24,Center,1,10007427,Imu,-0.02806,0.206668,1.006744,-1.82,39.935,-3.5,,,,,,,,,,,,,,
58:8C:81:40:BE:1C,Center,0,10037651,Imu,0.024888001,0.22448,1.109956,3.045,0.665,-14.42,,,,,,,,,,,,,,
58:8C:81:40:BE:24,Center,1,10068773,Imu,-0.193004,0.16933599,0.833992,-1.715,39.48,-3.465,,,,,,,,,,,,,,
58:8C:81:40:BE:1C,Center,0,10099673,Imu,-0.106872,0.235948,1.162172,9.87,7.14,-6.335,,,,,,,,,,,,,,
58:8C:81:40:BE:24,Center,1,10130748,Imu,-0.101016,0.22789599,0.840092,-1.645,39.235,-3.465,,,,,,,,,,,,,,
58:8C:81:40:BE:24,Center,1,10161663,Imu,-0.172508,0.327936,1.225124,-1.645,39.97,-3.535,,,,,,,,,,,,,,
58:8C:81:40:BE:24,Center,1,10192685,Gps,,,,,,,43.477721333333335,-80.54568816666666,341.9,16.186,124,2026,3,8,21,33,21,0,,
58:8C:81:40:BE:1C,Center,0,10223809,Imu,-0.15054801,0.383568,0.936472,12.985,2.905,-3.15,,,,,,,,,,,,,,
58:8C:81:40:BE:24,Center,1,10254708,Imu,-0.14981599,0.354532,0.71126,-1.68,39.83,-3.64,,,,,,,,,,,,,,
58:8C:81:40:BE:1C,Center,0,10285638,Imu,-0.168116,0.412604,0.833504,7.21,1.995,-0.7,,,,,,,,,,,,,,
58:8C:81:40:BE:1C,Center,0,10316743,Imu,-0.188124,0.43285602,0.983808,-1.925,8.015,2.52,,,,,,,,,,,,,,
58:8C:81:40:BE:24,Center,1,10347589,Imu,-0.43041602,0.37088,1.1597321,-1.82,39.48,-3.57,,,,,,,,,,,,,,
58:8C:81:40:BE:1C,Center,0,10378734,Imu,-0.3599,0.38454401,1.0004001,-7.28,5.425,7.28,,,,,,,,,,,,,,
58:8C:81:40:BE:24,Center,1,10409426,Imu,-0.531188,0.382104,0.987468,-1.68,34.615,-3.605,,,,,,,,,,,,,,
58:8C:81:40:BE:1C,Center,0,10439566,Imu,-0.31964,0.30133998,1.015528,-6.545,-7.56,10.85,,,,,,,,,,,,,,
58:8C:81:40:BE:24,Center,1,10470593,Imu,-0.268888,0.35136002,1.0987321,-1.715,39.515,-3.5,,,,,,,,,,,,,,
58:8C:81:40:BE:24,Center,1,10503657,Imu,-0.310368,0.302316,0.870592,-1.75,37.205,-3.395,,,,,,,,,,,,,,
58:8C:81:40:BE:24,Center,1,10533865,Imu,-0.348432,0.339892,0.76518404,-1.715,39.585,-3.465,,,,,,,,,,,,,,
58:8C:81:40:BE:1C,Center,0,10564278,Imu,-0.45213202,0.299144,0.908168,-11.935,-1.89,16.135,,,,,,,,,,,,,,
58:8C:81:40:BE:24,Center,1,10594625,Imu,-0.465064,0.280844,1.095804,-1.75,36.12,-3.57,,,,,,,,,,,,,,
58:8C:81:40:BE:24,Center,1,10625503,Imu,-0.472384,0.298168,0.74615204,-1.715,39.725,-3.57,,,,,,,,,,,,,,
58:8C:81:40:BE:1C,Center,0,10656674,Imu,-0.44700798,0.359656,1.0506641,2.065,12.04,22.435,,,,,,,,,,,,,,
58:8C:81:40:BE:24,Center,1,10687449,Imu,-0.48848802,0.30109602,0.677832,-1.75,39.69,-3.5,,,,,,,,,,,,,,
58:8C:81:40:BE:24,Center,1,10718579,Imu,-0.38308,0.254736,1.019676,-1.68,39.48,-3.605,,,,,,,,,,,,,,
58:8C:81:40:BE:24,Center,1,10749283,Imu,-0.51240003,0.277428,0.93403196,-1.575,37.275,-3.465,,,,,,,,,,,,,,
58:8C:81:40:BE:24,Center,1,10779633,Gps,,,,,,,43.4776965,-80.54562933333334,341.9,18.836,115,2026,3,8,21,33,21,0,,
58:8C:81:40:BE:24,Center,1,10810454,Imu,-0.554856,0.223992,1.0360241,-1.68,40.145,-3.43,,,,,,,,,,,,,,
58:8C:81:40:BE:1C,Center,0,10841633,Imu,-0.580232,0.27718398,0.86376,3.36,12.355,24.675,,,,,,,,,,,,,,
58:8C:81:40:BE:24,Center,1,10872537,Imu,-0.60072803,0.222772,1.063596,-1.715,39.34,-3.5,,,,,,,,,,,,,,
58:8C:81:40:BE:1C,Center,0,10903393,Imu,-0.52313596,0.28792003,1.020408,-4.69,8.575,25.83,,,,,,,,,,,,,,
58:8C:81:40:BE:24,Center,1,10934521,Imu,-0.465796,0.21423201,1.1834,-1.855,36.47,-3.5,,,,,,,,,,,,,,
58:8C:81:40:BE:1C,Center,0,10965554,Imu,-0.486536,0.175924,1.137772,-2.17,-0.77,25.55,,,,,,,,,,,,,,
58:8C:81:40:BE:1C,Center,0,10996379,Imu,-0.547536,0.226188,1.0250441,0.595,11.62,27.335,,,,,,,,,,,,,,
58:8C:81:40:BE:1C,Center,0,11003725,Imu,-0.51362,0.216184,1.0396839,-2.66,-0.77,26.705,,,,,,,,,,,,,,
58:8C:81:40:BE:24,Center,1,11033898,Imu,-0.554612,0.16445601,0.984784,-1.82,38.99,-3.465,,,,,,,,,,,,,,
58:8C:81:40:BE:24,Center,1,11064647,Imu,-0.48580402,0.117364,0.947208,-1.645,39.69,-3.535,,,,,,,,,,,,,,
58:8C:81:40:BE:24,Center,1,11094322,Gps,,,,,,,43.47768716666667,-80.54559433333333,341.9,19.82,107,2026,3,8,21,33,22,0,,
58:8C:81:40:BE:1C,Center,0,11124571,Imu,-0.403332,0.011224,1.068232,-17.29,-11.795,28.0,,,,,,,,,,,,,,
58:8C:81:40:BE:24,Center,1,11155668,Gps,,,,,,,43.477684833333335,-80.545582,341.9,19.963,105,2026,3,8,21,33,22,0,,
58:8C:81:40:BE:24,Center,1,11186781,Imu,-0.551928,-0.022936001,0.992836,-1.785,39.83,-3.57,,,,,,,,,,,,,,
58:8C:81:40:BE:1C,Center,0,11217468,Imu,-0.555832,-0.075396,0.929152,2.835,9.87,29.155,,,,,,,,,,,,,,
58:8C:81:40:BE:24,Center,1,11247853,Imu,-0.655384,-0.07808,1.016504,-1.715,39.55,-3.535,,,,,,,,,,,,,,
58:8C:81:40:BE:1C,Center,0,11278624,Imu,-0.649528,-0.060512003,0.965996,-7.98,3.605,29.75,,,,,,,,,,,,,,
58:8C:81:40:BE:24,Center,1,11309812,Imu,-0.697596,-0.022691999,0.901092,-1.68,39.375,-3.535,,,,,,,,,,,,,,
58:8C:81:40:BE:1C,Center,0,11340493,Imu,-0.61097604,0.0021960002,0.92817605,-8.155,2.8,32.165,,,,,,,,,,,,,,
58:8C:81:40:BE:24,Center,1,11370805,Imu,-0.582916,-0.04148,0.907192,-1.715,39.48,-3.5,,,,,,,,,,,,,,
58:8C:81:40:BE:1C,Center,0,11401707,Imu,-0.500932,-0.015616001,1.100928,-7.98,-4.865,31.43,,,,,,,,,,,,,,
58:8C:81:40:BE:24,Center,1,11432945,Imu,-0.607804,-0.121024005,0.855464,-1.645,39.13,-3.5,,,,,,,,,,,,,,
58:8C:81:40:BE:24,Center,1,11463637,Gps,,,,,,,43.4776805,-80.54554483333334,341.9,19.679,95,2026,3,8,21,33,22,0,,
58:8C:81:40:BE:1C,Center,0,11503863,Imu,-0.59365195,0.009516,0.877912,0.63,2.205,36.19,,,,,,,,,,,,,,
58:8C:81:40:BE:24,Center,1,11534245,Imu,-0.44408002,-0.093208,1.3522481,-1.68,39.69,-3.535,,,,,,,,,,,,,,
58:8C:81:40:BE:24,Center,1,11564840,Gps,,,,,,,43.47768,-80.5455325,341.9,19.386,93,2026,3,8,21,33,22,0,,
58:8C:81:40:BE:1C,Center,0,11595808,Imu,-1.1050761,0.127124,0.97722006,-12.635,6.895,32.515,,,,,,,,,,,,,,
58:8C:81:40:BE:24,Center,1,11626532,Imu,-0.71858,-0.204716,0.83984804,-1.645,35.385,-3.465,,,,,,,,,,,,,,
58:8C:81:40:BE:24,Center,1,11657781,Imu,-0.700524,-0.009516,0.87108004,-1.68,38.43,-3.535,,,,,,,,,,,,,,
58:8C:81:40:BE:1C,Center,0,11688705,Imu,-0.453596,0.0036600002,1.06506,0.105,7.42,33.88,,,,,,,,,,,,,,
58:8C:81:40:BE:24,Center,1,11719660,Imu,-0.65147996,-0.013908,0.430904,-1.68,39.41,-3.535,,,,,,,,,,,,,,
58:8C:81:40:BE:1C,Center,0,11750657,Imu,-0.594872,-0.31598002,1.302716,18.165,-18.62,29.89,,,,,,,,,,,,,,
58:8C:81:40:BE:24,Center,1,11781919,Gps,,,,,,,43.477681,-80.5455085,341.9,18.61,85,2026,3,8,21,33,22,0,,
58:8C:81:40:BE:1C,Center,0,11812852,Imu,-0.416752,-0.109312005,0.510448,-36.505,-45.5,30.45,,,,,,,,,,,,,,
58:8C:81:40:BE:1C,Center,0,11843717,Imu,-0.387716,-0.030256001,0.81008,1.435,15.645,31.78,,,,,,,,,,,,,,
58:8C:81:40:BE:24,Center,1,11874541,Gps,,,,,,,43.477682333333334,-80.545497,341.9,18.423,81,2026,3,8,21,33,22,0,,
58:8C:81:40:BE:24,Center,1,11905772,Imu,-0.54558396,-0.122732,1.149484,-1.89,39.76,-3.535,,,,,,,,,,,,,,
58:8C:81:40:BE:1C,Center,0,11936745,Imu,-0.536312,0.019276,1.261724,-7.7,-39.97,25.34,,,,,,,,,,,,,,
58:8C:81:40:BE:24,Center,1,11967424,Gps,,,,,,,43.47768383333333,-80.54548566666666,341.8,18.262,79,2026,3,8,21,33,22,0,,
58:8C:81:40:BE:24,Center,1,12004676,Imu,-0.550708,-0.037332002,0.944524,-1.75,39.83,-3.57,,,,,,,,,,,,,,
58:8C:81:40:BE:1C,Center,0,12034923,Imu,-0.71126,0.200812,1.084092,18.375,23.135,30.59,,,,,,,,,,,,,,
58:8C:81:40:BE:24,Center,1,12065989,Imu,-0.388204,-0.06832,1.01382,-1.61,39.445,-3.57,,,,,,,,,,,,,,
58:8C:81:40:BE:24,Center,1,12097171,Gps,,,,,,,43.477686,-80.54547433333333,341.8,18.064,76,2026,3,8,21,33,23,0,,
58:8C:81:40:BE:24,Center,1,12128113,Imu,-0.599752,0.105896,1.052616,-1.785,39.725,-3.395,,,,,,,,,,,,,,
58:8C:81:40:BE:24,Center,1,12158898,Imu,-0.615856,-0.024888001,0.87522805,-1.82,36.12,-3.57,,,,,,,,,,,,,,
58:8C:81:40:BE:24,Center,1,12189228,Imu,-0.781288,0.053923998,0.993812,-1.715,40.285,-3.5,,,,,,,,,,,,,,
58:8C:81:40:BE:1C,Center,0,12220168,Imu,-0.63610804,0.065148,0.88035196,0.105,0.735,30.975,,,,,,,,,,,,,,
58:8C:81:40:BE:24,Center,1,12251108,Imu,-0.733464,0.084424004,0.931348,-1.61,39.97,-3.465,,,,,,,,,,,,,,
58:8C:81:40:BE:24,Center,1,12281977,Gps,,,,,,,43.4776915,-80.5454525,341.8,17.966,70,2026,3,8,21,33,23,0,,
58:8C:81:40:BE:24,Center,1,12313049,Imu,-0.76738,0.057584,0.860588,-1.75,39.725,-3.605,,,,,,,,,,,,,,
58:8C:81:40:BE:1C,Center,0,12344045,Imu,-0.724192,0.12810001,1.0940961,-4.34,11.725,35.0,,,,,,,,,,,,,,
58:8C:81:40:BE:24,Center,1,12375235,Gps,,,,,,,43.47769483333333,-80.545442,341.8,17.995,66,2026,3,8,21,33,23,0,,
58:8C:81:40:BE:24,Center,1,12406016,Imu,-0.65440804,0.04636,0.93817997,-1.785,39.515,-3.5,,,,,,,,,,,,,,
58:8C:81:40:BE:24,Center,1,12437067,Imu,-0.958188,0.133224,0.832528,-1.715,39.585,-3.5,,,,,,,,,,,,,,
58:8C:81:40:BE:1C,Center,0,12468300,Imu,-0.6527,0.096136004,0.955992,-2.975,-8.4,37.975,,,,,,,,,,,,,,
58:8C:81:40:BE:24,Center,1,12504061,Imu,-0.712968,-0.041236,0.801784,-1.68,32.55,-3.5,,,,,,,,,,,,,,
58:8C:81:40:BE:1C,Center,0,12534448,Imu,-0.624152,0.068564005,1.048712,0.315,-1.19,38.43,,,,,,,,,,,,,,
58:8C:81:40:BE:24,Center,1,12565075,Imu,-0.740052,0.098332,0.722484,-1.645,33.25,-3.5,,,,,,,,,,,,,,
58:8C:81:40:BE:1C,Center,0,12596127,Imu,-0.790316,0.06832,0.96209204,-11.9,-15.19,38.395,,,,,,,,,,,,,,
58:8C:81:40:BE:1C,Center,0,12627207,Imu,-0.74786,0.050996,0.849608,6.195,6.79,41.16,,,,,,,,,,,,,,
58:8C:81:40:BE:1C,Center,0,12658024,Imu,-0.75884,0.005856,0.979416,-3.78,-5.25,40.565,,,,,,,,,,,,,,
58:8C:81:40:BE:24,Center,1,12689051,Gps,,,,,,,43.477708166666666,-80.5454125,341.8,18.214,54,2026,3,8,21,33,23,0,,
58:8C:81:40:BE:1C,Center,0,12720153,Imu,-0.761768,0.148108,1.037732,4.55,13.265,43.61,,,,,,,,,,,,,,
58:8C:81:40:BE:24,Center,1,12751351,Imu,-0.876936,-0.084667996,0.996984,-1.75,39.935,-3.43,,,,,,,,,,,,,,
58:8C:81:40:BE:24,Center,1,12782147,Gps,,,,,,,43.477713666666666,-80.54540333333334,341.7,18.3,51,2026,3,8,21,33,23,0,,
58:8C:81:40:BE:24,Center,1,12813200,Imu,-0.64074403,-0.101748005,0.8906,-1.68,39.445,-3.465,,,,,,,,,,,,,,
58:8C:81:40:BE:24,Center,1,12844154,Imu,-0.812032,-0.09638,0.857904,-1.75,39.27,-3.5,,,,,,,,,,,,,,
58:8C:81:40:BE:24,Center,1,12875165,Gps,,,,,,,43.4777195,-80.54539516666667,341.7,18.249,45,2026,3,8,21,33,23,0,,
58:8C:81:40:BE:1C,Center,0,12906188,Imu,-0.613172,-0.105652,0.73444,12.6,49.805,46.2,,,,,,,,,,,,,,
58:8C:81:40:BE:24,Center,1,12937422,Imu,-0.903776,-0.348676,1.5311,-1.785,38.605,-3.605,,,,,,,,,,,,,,
58:8C:81:40:BE:24,Center,1,12968345,Imu,-0.84936404,-0.319884,0.79641604,-1.75,39.305,-3.57,,,,,,,,,,,,,,
58:8C:81:40:BE:24,Center,1,13004130,Imu,-0.755424,-0.19642,1.249768,-1.715,38.85,-3.465,,,,,,,,,,,,,,
58:8C:81:40:BE:1C,Center,0,13034487,Imu,-1.1243521,-0.116388,1.051884,-7.84,72.275,46.69,,,,,,,,,,,,,,
58:8C:81:40:BE:24,Center,1,13065200,Imu,-1.059692,-0.34282002,1.315892,-1.68,39.48,-3.5,,,,,,,,,,,,,,
58:8C:81:40:BE:1C,Center,0,13096167,Imu,-0.646112,-0.151768,0.979904,10.57,37.835,47.88,,,,,,,,,,,,,,
58:8C:81:40:BE:24,Center,1,13127363,Imu,-0.76567197,-0.379176,0.89914,-1.68,39.55,-3.395,,,,,,,,,,,,,,
58:8C:81:40:BE:1C,Center,0,13158161,Imu,-0.47531202,0.126636,0.84546,10.605,-14.735,47.705,,,,,,,,,,,,,,
58:8C:81:40:BE:24,Center,1,13189451,Gps,,,,,,,43.477739,-80.5453745,341.7,17.249,33,2026,3,8,21,33,24,0,,
58:8C:81:40:BE:24,Center,1,13220320,Imu,-1.021384,-0.24204801,0.84326404,-1.785,39.515,-3.43,,,,,,,,,,,,,,
58:8C:81:40:BE:1C,Center,0,13251204,Imu,-0.595604,-0.360876,0.64294,-9.835,5.845,47.425,,,,,,,,,,,,,,
58:8C:81:40:BE:24,Center,1,13282258,Imu,-0.92817605,-0.132492,0.805444,-1.68,39.305,-3.5,,,,,,,,,,,,,,
58:8C:81:40:BE:1C,Center,0,13313419,Imu,-0.78812,-0.078568004,0.82276803,-14.63,32.55,49.07,,,,,,,,,,,,,,
58:8C:81:40:BE:1C,Center,0,13344287,Imu,-1.097512,-0.026596,1.188524,-4.725,-6.615,47.215,,,,,,,,,,,,,,
58:8C:81:40:BE:1C,Center,0,13375382,Imu,-0.86498,-0.115412004,1.054812,-6.475,15.68,50.295,,,,,,,,,,,,,,
58:8C:81:40:BE:1C,Center,0,13406159,Imu,-0.83691996,-0.086864,0.872544,-4.76,-8.715,47.845,,,,,,,,,,,,,,
58:8C:81:40:BE:24,Center,1,13437252,Imu,-1.031632,-0.14615601,1.0892161,-1.505,39.445,-3.535,,,,,,,,,,,,,,
58:8C:81:40:BE:1C,Center,0,13468221,Imu,-0.899628,-0.06588,0.929884,-4.655,6.16,48.86,,,,,,,,,,,,,,
58:8C:81:40:BE:1C,Center,0,13504270,Imu,-1.122156,0.005856,1.1580241,-7.105,-9.275,44.835,,,,,,,,,,,,,,
58:8C:81:40:BE:1C,Center,0,13534585,Imu,-0.485072,-0.453108,0.718824,-10.71,-14.28,51.065,,,,,,,,,,,,,,
58:8C:81:40:BE:1C,Center,0,13565263,Imu,-0.720776,-0.03416,0.673684,9.59,-13.72,47.88,,,,,,,,,,,,,,
58:8C:81:40:BE:24,Center,1,13596385,Gps,,,,,,,43.47776733333333,-80.5453595,341.6,16.026,13,2026,3,8,21,33,24,0,,
58:8C:81:40:BE:24,Center,1,13627548,Imu,-1.035536,-0.18422,0.755424,-1.435,32.235,-3.465,,,,,,,,,,,,,,
58:8C:81:40:BE:1C,Center,0,13658500,Imu,-0.76567197,-0.151768,1.047248,-4.13,0.84,48.44,,,,,,,,,,,,,,
58:8C:81:40:BE:24,Center,1,13689210,Gps,,,,,,,43.47777466666667,-80.54535816666667,341.6,15.801,7,2026,3,8,21,33,24,0,,
58:8C:81:40:BE:1C,Center,0,13719437,Imu,-0.973072,-0.160308,1.153144,-14.595,46.235,47.495,,,,,,,,,,,,,,
58:8C:81:40:BE:24,Center,1,13750419,Imu,-0.847412,-0.13517599,0.770796,-1.68,39.585,-3.605,,,,,,,,,,,,,,
58:8C:81:40:BE:24,Center,1,13781406,Gps,,,,,,,43.47778183333333,-80.54535783333333,341.5,15.651,2,2026,3,8,21,33,24,0,,
58:8C:81:40:BE:24,Center,1,13812531,Imu,-0.877668,-0.04636,1.333704,-1.645,39.865,-3.57,,,,,,,,,,,,,,
58:8C:81:40:BE:24,Center,1,13843245,Imu,-1.1336241,-0.209352,0.62976396,-1.645,39.585,-3.465,,,,,,,,,,,,,,
58:8C:81:40:BE:24,Center,1,13873496,Imu,-0.73932,0.17568001,0.726388,-1.715,39.48,-3.57,,,,,,,,,,,,,,
58:8C:81:40:BE:24,Center,1,13904279,Imu,-1.130696,-0.447252,1.21024,-1.61,39.445,-3.57,,,,,,,,,,,,,,
58:8C:81:40:BE:24,Center,1,13935261,Imu,-1.2302481,-0.014396,0.96404403,-1.75,39.34,-3.57,,,,,,,,,,,,,,
58:8C:81:40:BE:24,Center,1,13965445,Imu,-0.936472,-0.24156,0.46018398,-1.575,39.41,-3.535,,,,,,,,,,,,,,
58:8C:81:40:BE:24,Center,1,13996473,Gps,,,,,,,43.47779583333333,-80.5453595,341.5,15.091,352,2026,3,8,21,33,24,0,,
58:8C:81:40:BE:1C,Center,0,14004666,Imu,-0.535092,0.187636,0.535336,-11.13,-29.365,54.74,,,,,,,,,,,,,,
58:8C:81:40:BE:1C,Center,0,14034928,Imu,-0.386496,-0.396256,0.91012,-1.68,-14.35,56.49,,,,,,,,,,,,,,
58:8C:81:40:BE:24,Center,1,14065468,Imu,-1.068964,-0.2928,1.1663201,-1.645,36.855,-3.465,,,,,,,,,,,,,,
58:8C:81:40:BE:24,Center,1,14096639,Gps,,,,,,,43.4778025,-80.54536183333333,341.5,14.99,346,2026,3,8,21,33,25,0,,
58:8C:81:40:BE:24,Center,1,14127373,Imu,-0.68808,-0.0183,0.80934805,-1.645,39.48,-3.5,,,,,,,,,,,,,,
58:8C:81:40:BE:1C,Center,0,14157851,Imu,-0.80056405,0.010492001,1.0187,3.01,-6.195,52.395,,,,,,,,,,,,,,
58:8C:81:40:BE:1C,Center,0,14188831,Imu,-0.886696,-0.0183,1.093852,-9.065,13.755,52.5,,,,,,,,,,,,,,
58:8C:81:40:BE:24,Center,1,14219605,Imu,-0.9211,-0.18226801,0.833504,-1.645,39.305,-3.465,,,,,,,,,,,,,,
58:8C:81:40:BE:24,Center,1,14250295,Imu,-0.796172,-0.151768,1.21024,-1.75,36.645,-3.5,,,,,,,,,,,,,,
58:8C:81:40:BE:1C,Center,0,14280644,Imu,-0.675148,-0.067099996,1.1497281,-5.355,28.035,56.035,,,,,,,,,,,,,,
58:8C:81:40:BE:24,Center,1,14311413,Imu,-0.82472,-0.101748005,0.88938,-1.82,34.195,-3.64,,,,,,,,,,,,,,
58:8C:81:40:BE:24,Center,1,14342382,Imu,-0.953064,-0.078568004,0.771284,-1.61,39.55,-3.395,,,,,,,,,,,,,,
58:8C:81:40:BE:24,Center,1,14372572,Imu,-0.864736,0.035136003,1.2719721,-1.75,39.655,-3.57,,,,,,,,,,,,,,
58:8C:81:40:BE:24,Center,1,14403594,Imu,-0.89767605,-0.008296001,0.600972,-1.68,35.945,-3.5,,,,,,,,,,,,,,
58:8C:81:40:BE:24,Center,1,14434809,Imu,-0.92354006,0.013664001,1.00528,-1.47,39.13,-3.5,,,,,,,,,,,,,,
58:8C:81:40:BE:1C,Center,0,14465679,Imu,-0.917196,0.023424,1.0101601,-6.685,-5.635,51.975,,,,,,,,,,,,,,
58:8C:81:40:BE:24,Center,1,14504841,Imu,-1.035536,-0.008296001,0.78397197,-1.75,39.585,-3.57,,,,,,,,,,,,,,
58:8C:81:40:BE:1C,Center,0,14535160,Imu,-0.89767605,0.23131199,1.286612,0.595,-0.035,50.575,,,,,,,,,,,,,,
58:8C:81:40:BE:1C,Center,0,14565490,Imu,-0.721996,0.19617599,1.101416,0.735,5.355,52.43,,,,,,,,,,,,,,
58:8C:81:40:BE:24,Center,1,14596476,Imu,-1.021872,0.0070760003,0.985028,-1.61,39.13,-3.5,,,,,,,,,,,,,,
58:8C:81:40:BE:1C,Center,0,14627563,Imu,-0.759084,0.053436,1.202432,11.655,6.055,49.105,,,,,,,,,,,,,,
58:8C:81:40:BE:24,Center,1,14658400,Imu,-0.853756,0.060268,0.81837606,-1.75,39.515,-3.43,,,,,,,,,,,,,,
58:8C:81:40:BE:1C,Center,0,14689604,Imu,-0.735416,0.017812,0.88254803,-10.15,-8.61,48.195,,,,,,,,,,,,,,
58:8C:81:40:BE:24,Center,1,14720463,Imu,-0.75566804,0.013664001,0.803492,-1.715,39.97,-3.535,,,,,,,,,,,,,,
58:8C:81:40:BE:1C,Center,0,14751604,Imu,-0.782508,-0.014884,0.960628,-8.785,10.78,48.895,,,,,,,,,,,,,,
58:8C:81:40:BE:24,Center,1,14782530,Imu,-0.89426,-0.13297999,0.86620003,-1.61,36.015,-3.465,,,,,,,,,,,,,,
58:8C:81:40:BE:1C,Center,0,14813419,Imu,-0.590724,0.086376,1.0831159,0.07,-22.715,48.965,,,,,,,,,,,,,,
58:8C:81:40:BE:24,Center,1,14844549,Imu,-0.863516,-0.09516,0.89182,-1.68,39.2,-3.535,,,,,,,,,,,,,,
58:8C:81:40:BE:1C,Center,0,14875475,Imu,-0.765916,0.088328004,1.1948681,9.03,-4.585,52.08,,,,,,,,,,,,,,
58:8C:81:40:BE:1C,Center,0,14906642,Imu,-0.808372,-0.025864,0.93208003,-8.015,2.555,51.1,,,,,,,,,,,,,,
58:8C:81:40:BE:24,Center,1,14937555,Imu,-0.705892,0.078568004,1.07604,-1.68,39.375,-3.57,,,,,,,,,,,,,,
58:8C:81:40:BE:1C,Center,0,14968479,Imu,-0.51240003,0.110043995,0.984052,15.365,-8.645,52.15,,,,,,,,,,,,,,
58:8C:81:40:BE:24,Center,1,15004526,Imu,-0.758596,0.09272,0.96672803,-1.715,39.305,-3.605,,,,,,,,,,,,,,
58:8C:81:40:BE:1C,Center,0,15034901,Imu,-0.633668,0.269376,1.005036,8.715,-7.56,48.405,,,,,,,,,,,,,,
58:8C:81:40:BE:24,Center,1,15065705,Imu,-0.49629602,0.175436,0.788852,-1.61,39.9,-3.535,,,,,,,,,,,,,,
58:8C:81:40:BE:1C,Center,0,15096587,Imu,-0.39772,0.194224,0.820084,-5.915,-16.485,42.315,,,,,,,,,,,,,,
58:8C:81:40:BE:24,Center,1,15127723,Imu,-0.496052,0.300852,0.854,-1.575,39.48,-3.465,,,,,,,,,,,,,,
58:8C:81:40:BE:1C,Center,0,15158519,Imu,-0.36478,0.26108003,0.89352804,-0.77,-14.735,35.805,,,,,,,,,,,,,,
58:8C:81:40:BE:1C,Center,0,15189339,Imu,-0.400892,0.45091203,0.982344,5.88,-3.675,32.935,,,,,,,,,,,,,,
58:8C:81:40:BE:24,Center,1,15219604,Imu,-0.36746398,0.38698402,1.003328,-1.715,39.865,-3.465,,,,,,,,,,,,,,
58:8C:81:40:BE:24,Center,1,15250765,Imu,-0.454816,0.416264,0.927688,-1.715,39.795,-3.5,,,,,,,,,,,,,,
58:8C:81:40:BE:24,Center,1,15281674,Imu,-0.30548802,0.490684,0.970632,-1.54,39.445,-3.465,,,,,,,,,,,,,,
58:8C:81:40:BE:24,Center,1,15312406,Imu,-0.29231203,0.476288,1.0282161,-1.645,39.9,-3.465,,,,,,,,,,,,,,
58:8C:81:40:BE:24,Center,1,15342795,Imu,-0.309148,0.424072,1.00284,-1.54,35.49,-3.57,,,,,,,,,,,,,,
58:8C:81:40:BE:24,Center,1,15373631,Gps,,,,,,,43.477854666666666,-80.54545433333334,341.4,16.66,280,2026,3,8,21,33,26,0,,
58:8C:81:40:BE:24,Center,1,15404631,Imu,-0.174704,0.35575202,0.93403196,-1.785,39.41,-3.605,,,,,,,,,,,,,,
58:8C:81:40:BE:24,Center,1,15435723,Imu,-0.450668,0.33867198,0.953552,-1.645,32.13,-3.36,,,,,,,,,,,,,,
58:8C:81:40:BE:24,Center,1,15466536,Gps,,,,,,,43.47785583333334,-80.54546533333334,341.4,17.403,278,2026,3,8,21,33,26,0,,
58:8C:81:40:BE:1C,Center,0,15505638,Imu,-0.503616,0.465796,1.05408,4.025,19.46,25.83,,,,,,,,,,,,,,
58:8C:81:40:BE:24,Center,1,15536020,Imu,-0.388936,0.394304,0.991372,-1.82,39.375,-3.675,,,,,,,,,,,,,,
58:8C:81:40:BE:1C,Center,0,15566644,Imu,-0.516304,0.53558004,1.029924,1.12,21.595,29.05,,,,,,,,,,,,,,
58:8C:81:40:BE:1C,Center,0,15597423,Imu,-0.60146004,0.502396,0.96843606,10.01,19.67,27.93,,,,,,,,,,,,,,
58:8C:81:40:BE:24,Center,1,15628430,Imu,-0.89352804,0.488976,1.2112161,-1.645,39.2,-3.5,,,,,,,,,,,,,,
58:8C:81:40:BE:1C,Center,0,15659515,Imu,-0.736392,0.471164,1.329556,-6.37,-22.925,29.925,,,,,,,,,,,,,,
58:8C:81:40:BE:24,Center,1,15690641,Imu,-0.87718,0.492392,1.082872,-1.715,39.34,-3.535,,,,,,,,,,,,,,
58:8C:81:40:BE:1C,Center,0,15721571,Imu,-0.659532,0.40235603,0.71735996,-0.84,2.765,32.83,,,,,,,,,,,,,,
58:8C:81:40:BE:24,Center,1,15752594,Imu,-0.72468,0.357216,0.704672,-1.82,39.165,-3.57,,,,,,,,,,,,,,
58:8C:81:40:BE:1C,Center,0,15783659,Imu,-0.62976396,0.414312,0.86741996,7.595,-20.72,34.93,,,,,,,,,,,,,,
58:8C:81:40:BE:24,Center,1,15814508,Imu,-0.488976,0.27816,1.019188,-1.75,39.095,-3.605,,,,,,,,,,,,,,
58:8C:81:40:BE:1C,Center,0,15845518,Imu,-0.50142,0.328424,0.773724,-22.225,27.3,38.5,,,,,,,,,,,,,,
58:8C:81:40:BE:1C,Center,0,15876763,Imu,-0.552172,0.333792,0.708332,44.45,-24.535,35.7,,,,,,,,,,,,,,
58:8C:81:40:BE:24,Center,1,15907585,Imu,-0.903288,0.347944,0.929884,-1.645,39.165,-3.535,,,,,,,,,,,,,,
58:8C:81:40:BE:24,Center,1,15938616,Imu,-0.824476,0.22643201,1.027484,-1.785,39.935,-3.43,,,,,,,,,,,,,,
58:8C:81:40:BE:24,Center,1,15969404,Imu,-0.74298,0.36892802,0.673684,-1.785,39.515,-3.5,,,,,,,,,,,,,,
58:8C:81:40:BE:24,Center,1,16004716,Imu,-0.66441196,0.27181602,0.77714,-1.68,39.69,-3.535,,,,,,,,,,,,,,
58:8C:81:40:BE:24,Center,1,16035092,Imu,-0.724192,0.255224,0.758352,-1.785,36.505,-3.535,,,,,,,,,,,,,,
58:8C:81:40:BE:1C,Center,0,16065556,Imu,-0.606584,0.330376,0.76933205,4.83,21.385,37.38,,,,,,,,,,,,,,
58:8C:81:40:BE:24,Center,1,16096584,Imu,-0.81325203,-0.049288,1.066036,-1.75,39.62,-3.465,,,,,,,,,,,,,,
58:8C:81:40:BE:24,Center,1,16127670,Imu,-0.446276,0.396988,0.7015,-1.61,39.585,-3.465,,,,,,,,,,,,,,
58:8C:81:40:BE:24,Center,1,16158578,Imu,-0.781288,0.293776,0.873276,-1.715,39.655,-3.5,,,,,,,,,,,,,,
58:8C:81:40:BE:24,Center,1,16189631,Gps,,,,,,,43.4778525,-80.545551,341.4,20.847,256,2026,3,8,21,33,27,0,,
58:8C:81:40:BE:24,Center,1,16220748,Imu,-0.92671204,0.3111,1.329312,-1.61,35.0,-3.605,,,,,,,,,,,,,,
58:8C:81:40:BE:24,Center,1,16251587,Imu,-0.640256,0.29231203,0.96209204,-1.68,39.935,-3.57,,,,,,,,,,,,,,
58:8C:81:40:BE:24,Center,1,16282757,Gps,,,,,,,43.47784983333333,-80.54556383333333,341.4,21.265,253,2026,3,8,21,33,27,0,,
58:8C:81:40:BE:24,Center,1,16313651,Imu,-0.98454005,0.156404,0.98844403,-1.75,35.525,-3.465,,,,,,,,,,,,,,
58:8C:81:40:BE:1C,Center,0,16342257,Imu,-0.43676,0.089304,0.71955603,12.11,-45.01,41.685,,,,,,,,,,,,,,
58:8C:81:40:BE:24,Center,1,16372396,Imu,-0.863516,-0.093940005,0.94916004,-1.715,39.41,-3.605,,,,,,,,,,,,,,
58:8C:81:40:BE:1C,Center,0,16402783,Imu,-0.86741996,0.22936,0.742248,6.37,-8.89,41.16,,,,,,,,,,,,,,
58:8C:81:40:BE:1C,Center,0,16433562,Imu,-0.53265196,0.172752,0.91060805,20.405,-7.875,42.455,,,,,,,,,,,,,,
58:8C:81:40:BE:24,Center,1,16464569,Imu,-0.759816,0.063684,0.774944,-1.855,39.795,-3.605,,,,,,,,,,,,,,
58:8C:81:40:BE:24,Center,1,16495632,Gps,,,,,,,43.47784216666667,-80.54558883333333,341.4,21.424,246,2026,3,8,21,33,27,0,,
58:8C:81:40:BE:24,Center,1,16504870,Imu,-0.821792,0.011712,0.79275596,-1.785,39.025,-3.57,,,,,,,,,,,,,,
58:8C:81:40:BE:1C,Center,0,16535261,Imu,-0.412848,0.085644,0.62097996,26.88,8.785,41.3,,,,,,,,,,,,,,
58:8C:81:40:BE:24,Center,1,16565576,Gps,,,,,,,43.47783733333333,-80.54560083333334,341.4,21.541,241,2026,3,8,21,33,27,0,,
58:8C:81:40:BE:24,Center,1,16596580,Imu,-0.677588,-0.151524,1.5128001,-1.645,38.675,-3.395,,,,,,,,,,,,,,
58:8C:81:40:BE:24,Center,1,16627645,Imu,-1.2480601,0.023424,1.056276,-1.68,40.39,-3.57,,,,,,,,,,,,,,
58:8C:81:40:BE:24,Center,1,16658702,Gps,,,,,,,43.477832,-80.5456125,341.4,21.711,238,2026,3,8,21,33,27,0,,
58:8C:81:40:BE:1C,Center,0,16689656,Imu,-0.694912,0.33672,1.1773001,-19.95,7.385,38.99,,,,,,,,,,,,,,
58:8C:81:40:BE:24,Center,1,16720841,Imu,-1.103124,0.02318,1.091656,-1.68,39.83,-3.535,,,,,,,,,,,,,,
58:8C:81:40:BE:24,Center,1,16751653,Imu,-0.39406,0.340624,0.726632,-1.785,39.62,-3.5,,,,,,,,,,,,,,
58:8C:81:40:BE:1C,Center,0,16782837,Imu,-0.721752,0.098576,0.864004,-26.355,43.75,38.08,,,,,,,,,,,,,,
58:8C:81:40:BE:24,Center,1,16813719,Imu,-0.724924,0.085644,0.855952,-1.575,39.27,-3.465,,,,,,,,,,,,,,
58:8C:81:40:BE:24,Center,1,16844477,Imu,-0.617808,0.029036,0.821304,-1.645,37.975,-3.395,,,,,,,,,,,,,,
58:8C:81:40:BE:24,Center,1,16874753,Imu,-0.90353197,0.28352803,0.804224,-1.75,37.66,-3.5,,,,,,,,,,,,,,
58:8C:81:40:BE:24,Center,1,16905589,Imu,-0.763476,0.045872003,0.972584,-1.61,39.795,-3.64,,,,,,,,,,,,,,
58:8C:81:40:BE:1C,Center,0,16936656,Imu,-0.750544,-0.13419999,1.24928,-8.54,-39.795,29.4,,,,,,,,,,,,,,
58:8C:81:40:BE:24,Center,1,16967617,Gps,,,,,,,43.477812666666665,-80.54564383333333,341.4,21.805,227,2026,3,8,21,33,27,0,,
58:8C:81:40:BE:24,Center,1,17005806,Imu,-0.5307,0.29231203,1.415444,-1.645,39.795,-3.605,,,,,,,,,,,,,,
58:8C:81:40:BE:1C,Center,0,17036044,Imu,-0.6344,0.17324,1.3112559,-6.86,27.65,24.85,,,,,,,,,,,,,,
58:8C:81:40:BE:24,Center,1,17067017,Imu,-0.416264,0.286212,0.721996,-1.715,36.855,-3.535,,,,,,,,,,,,,,
58:8C:81:40:BE:24,Center,1,17097312,Gps,,,,,,,43.477805,-80.545653,341.4,22.058,222,2026,3,8,21,33,28,0,,
58:8C:81:40:BE:24,Center,1,17128019,Imu,-0.36307198,0.12810001,0.644648,-1.75,40.11,-3.605,,,,,,,,,,,,,,
58:8C:81:40:BE:1C,Center,0,17158169,Imu,0.09125601,0.097112,0.966484,-5.04,-17.745,18.235,,,,,,,,,,,,,,
58:8C:81:40:BE:24,Center,1,17189165,Imu,0.056852,0.17568001,0.849608,-1.715,39.55,-3.5,,,,,,,,,,,,,,
58:8C:81:40:BE:24,Center,1,17220289,Imu,0.203252,0.171288,1.072624,-1.61,39.55,-3.465,,,,,,,,,,,,,,
58:8C:81:40:BE:24,Center,1,17251105,Imu,0.26571602,0.20569201,1.08702,-1.645,33.845,-3.43,,,,,,,,,,,,,,
58:8C:81:40:BE:1C,Center,0,17282165,Imu,0.392108,0.132248,1.12728,3.08,-17.675,-1.785,,,,,,,,,,,,,,
58:8C:81:40:BE:1C,Center,0,17313375,Imu,0.5185,0.128832,0.878888,-7.49,-22.645,-4.305,,,,,,,,,,,,,,
58:8C:81:40:BE:24,Center,1,17344260,Imu,0.445788,0.19154,1.17364,-1.575,39.305,-3.465,,,,,,,,,,,,,,
58:8C:81:40:BE:24,Center,1,17375130,Gps,,,,,,,43.47778016666667,-80.54567833333333,341.4,22.588,215,2026,3,8,21,33,28,0,,
58:8C:81:40:BE:24,Center,1,17406384,Imu,0.52533203,0.20374,0.951112,-1.75,39.515,-3.675,,,,,,,,,,,,,,
58:8C:81:40:BE:1C,Center,0,17437308,Imu,0.600484,0.203008,0.912804,3.29,-1.295,-8.33,,,,,,,,,,,,,,
58:8C:81:40:BE:24,Center,1,17468129,Imu,0.48556,0.251076,0.97966003,-1.75,36.05,-3.535,,,,,,,,,,,,,,
58:8C:81:40:BE:24,Center,1,17505501,Imu,0.445544,0.266692,1.0572519,-1.61,39.585,-3.605,,,,,,,,,,,,,,
58:8C:81:40:BE:1C,Center,0,17535840,Imu,0.679052,0.175436,0.895968,3.885,-2.31,-14.49,,,,,,,,,,,,,,
58:8C:81:40:BE:24,Center,1,17566589,Gps,,,,,,,43.4777635,-80.54569616666667,341.4,23.036,219,2026,3,8,21,33,28,0,,
58:8C:81:40:BE:24,Center,1,17597668,Imu,0.541924,0.267668,0.862052,-1.68,39.2,-3.5,,,,,,,,,,,,,,
58:8C:81:40:BE:24,Center,1,17628439,Imu,0.635132,0.28108802,0.99674,-1.715,39.585,-3.5,,,,,,,,,,,,,,
58:8C:81:40:BE:24,Center,1,17659592,Imu,0.47946,0.308904,0.756644,-1.785,35.49,-3.57,,,,,,,,,,,,,,
58:8C:81:40:BE:24,Center,1,17690699,Imu,0.660996,0.13493201,1.122156,-1.82,39.55,-3.5,,,,,,,,,,,,,,
58:8C:81:40:BE:24,Center,1,17721524,Imu,0.780312,0.198128,1.105808,-1.715,39.725,-3.5,,,,,,,,,,,,,,
58:8C:81:40:BE:1C,Center,0,17752756,Imu,0.646112,0.162748,1.29808,-29.645,-13.195,-30.87,,,,,,,,,,,,,,
58:8C:81:40:BE:24,Center,1,17783716,Imu,0.87376404,0.282796,0.771284,-1.75,38.01,-3.395,,,,,,,,,,,,,,
58:8C:81:40:BE:1C,Center,0,17814433,Imu,1.0360241,0.066368006,1.0711601,0.42,-3.71,-27.335,,,,,,,,,,,,,,
58:8C:81:40:BE:24,Center,1,17844591,Imu,0.54460806,0.254004,0.834724,-1.75,36.05,-3.465,,,,,,,,,,,,,,
58:8C:81:40:BE:24,Center,1,17875562,Gps,,,,,,,43.47773933333333,-80.54572683333333,341.4,24.11,224,2026,3,8,21,33,28,0,,
58:8C:81:40:BE:1C,Center,0,17906570,Imu,0.9272,0.033428002,0.74688405,-18.06,-26.705,-27.055,,,,,,,,,,,,,,
58:8C:81:40:BE:1C,Center,0,17937728,Imu,0.82154804,-0.118584,0.833016,-1.05,23.31,-34.93,,,,,,,,,,,,,,
58:8C:81:40:BE:1C,Center,0,17968424,Imu,1.030412,0.13859199,0.704184,17.115,-60.305,-30.765,,,,,,,,,,,,,,
58:8C:81:40:BE:1C,Center,0,18005565,Imu,0.771284,-0.188368,0.931104,-39.62,16.835,-40.39,,,,,,,,,,,,,,
58:8C:81:40:BE:1C,Center,0,18035903,Imu,1.0521281,-0.11224,0.94696397,-43.19,-12.985,-34.23,,,,,,,,,,,,,,
58:8C:81:40:BE:24,Center,1,18066822,Imu,0.71735996,-0.083936006,0.696376,-1.68,39.515,-3.465,,,,,,,,,,,,,,
58:8C:81:40:BE:1C,Center,0,18097563,Imu,0.682468,-0.029280001,0.89279604,-54.53,33.285,-35.84,,,,,,,,,,,,,,
58:8C:81:40:BE:1C,Center,0,18128567,Imu,0.61512405,0.44017598,0.772016,72.24,8.505,-40.985,,,,,,,,,,,,,,
58:8C:81:40:BE:1C,Center,0,18159713,Imu,1.205848,-0.154452,0.65636,22.47,-23.45,-31.605,,,,,,,,,,,,,,
58:8C:81:40:BE:24,Center,1,18190437,Imu,0.603168,-0.040260002,0.840824,-1.715,40.39,-3.465,,,,,,,,,,,,,,
58:8C:81:40:BE:24,Center,1,18220819,Imu,0.682956,0.052948,1.192916,-1.82,39.655,-3.64,,,,,,,,,,,,,,
58:8C:81:40:BE:1C,Center,0,18251582,Imu,1.090924,-0.166408,0.83618796,-23.135,3.535,-28.805,,,,,,,,,,,,,,
58:8C:81:40:BE:1C,Center,0,18282743,Imu,0.846924,-0.250344,1.067988,-12.775,-15.575,-37.065,,,,,,,,,,,,,,
58:8C:81:40:BE:1C,Center,0,18313670,Imu,1.3005201,-0.238388,1.078968,11.13,-0.805,-37.415,,,,,,,,,,,,,,
58:8C:81:40:BE:24,Center,1,18344569,Imu,0.832528,-0.22301601,0.59194404,-1.61,39.235,-3.57,,,,,,,,,,,,,,
58:8C:81:40:BE:24,Center,1,18375655,Imu,0.59926397,0.00244,1.05774,-1.575,39.655,-3.465,,,,,,,,,,,,,,
58:8C:81:40:BE:1C,Center,0,18406590,Imu,1.252452,-0.355264,1.084824,8.12,-51.625,-31.36,,,,,,,,,,,,,,
58:8C:81:40:BE:1C,Center,0,18437548,Imu,0.887672,-0.080764,1.009184,13.72,11.2,-40.775,,,,,,,,,,,,,,
58:8C:81:40:BE:24,Center,1,18468663,Imu,0.667828,-0.17909601,1.536712,-1.645,39.305,-3.64,,,,,,,,,,,,,,
58:8C:81:40:BE:1C,Center,0,18505776,Imu,0.584136,0.008052,0.630984,30.52,17.815,-30.59,,,,,,,,,,,,,,
58:8C:81:40:BE:1C,Center,0,18536141,Imu,0.854976,-0.18007201,1.2707521,-36.05,-8.19,-22.68,,,,,,,,,,,,,,
58:8C:81:40:BE:1C,Center,0,18566691,Imu,0.38454401,-0.153232,0.8113,0.77,47.845,-25.795,,,,,,,,,,,,,,
58:8C:81:40:BE:1C,Center,0,18597826,Imu,0.61219597,-0.182024,1.040904,-18.62,-25.41,-26.53,,,,,,,,,,,,,,
58:8C:81:40:BE:24,Center,1,18628686,Imu,0.262056,-0.143228,1.010404,-1.68,39.48,-3.535,,,,,,,,,,,,,,
58:8C:81:40:BE:1C,Center,0,18659859,Imu,0.25010002,-0.26571602,1.0601801,-4.865,34.09,-19.81,,,,,,,,,,,,,,
58:8C:81:40:BE:24,Center,1,18690727,Imu,0.345016,-0.276452,1.0065,-1.68,39.55,-3.43,,,,,,,,,,,,,,
58:8C:81:40:BE:1C,Center,0,18721775,Imu,0.107604004,-0.039528,1.0221161,4.305,23.73,-12.32,,,,,,,,,,,,,,
58:8C:81:40:BE:24,Center,1,18752979,Imu,-0.17446001,-0.27694,0.820328,-1.68,39.865,-3.5,,,,,,,,,,,,,,
58:8C:81:40:BE:1C,Center,0,18783943,Imu,-0.13419999,-0.213744,1.0187,-1.61,3.185,-3.115,,,,,,,,,,,,,,
58:8C:81:40:BE:24,Center,1,18814694,Imu,-0.384788,-0.34379598,0.793,-1.68,39.795,-3.5,,,,,,,,,,,,,,
58:8C:81:40:BE:1C,Center,0,18845887,Imu,-0.385276,-0.438468,0.964776,-13.895,27.545,10.15,,,,,,,,,,,,,,
58:8C:81:40:BE:24,Center,1,18876740,Imu,-0.825452,-0.35136002,0.881572,-1.75,39.34,-3.57,,,,,,,,,,,,,,
58:8C:81:40:BE:1C,Center,0,18907862,Imu,-0.76372004,-0.427244,1.0523721,8.68,-1.82,16.03,,,,,,,,,,,,,,
58:8C:81:40:BE:24,Center,1,18938707,Imu,-0.850584,-0.436272,1.072624,-1.785,39.13,-3.395,,,,,,,,,,,,,,
58:8C:81:40:BE:24,Center,1,18969695,Imu,-0.737124,-0.47336,1.236592,-1.785,37.87,-3.535,,,,,,,,,,,,,,
58:8C:81:40:BE:24,Center,1,19006634,Imu,-0.53167605,-0.330864,1.0282161,-1.82,39.655,-3.605,,,,,,,,,,,,,,
58:8C:81:40:BE:24,Center,1,19036775,Imu,-0.621712,-0.28840798,1.286612,-1.68,39.48,-3.395,,,,,,,,,,,,,,
58:8C:81:40:BE:24,Center,1,19067699,Imu,-0.68808,-0.42870802,0.92671204,-1.715,39.305,-3.535,,,,,,,,,,,,,,
58:8C:81:40:BE:24,Center,1,19098627,Imu,-0.53802,-0.449448,1.03212,-1.68,39.27,-3.605,,,,,,,,,,,,,,
58:8C:81:40:BE:1C,Center,0,19129839,Imu,-0.67807597,-0.357948,0.979416,-4.76,0.49,24.255,,,,,,,,,,,,,,
58:8C:81:40:BE:24,Center,1,19160608,Imu,-0.460672,-0.27206,0.994544,-1.645,27.65,-3.57,,,,,,,,,,,,,,
58:8C:81:40:BE:24,Center,1,19191824,Gps,,,,,,,43.477678833333336,-80.54590016666667,341.5,20.29,248,2026,3,8,21,33,30,0,,
58:8C:81:40:BE:24,Center,1,19222693,Imu,-0.388204,-0.5734,1.1145921,-1.785,32.83,-3.57,,,,,,,,,,,,,,
58:8C:81:40:BE:24,Center,1,19253387,Imu,-0.511912,-0.539484,0.95647997,-1.575,39.48,-3.465,,,,,,,,,,,,,,
58:8C:81:40:BE:24,Center,1,19283812,Gps,,,,,,,43.47767533333333,-80.54591133333334,341.5,19.373,246,2026,3,8,21,33,30,0,,
58:8C:81:40:BE:1C,Center,0,19314714,Imu,-0.46604002,-0.404552,1.129964,9.17,13.335,21.98,,,,,,,,,,,,,,
58:8C:81:40:BE:24,Center,1,19345610,Imu,-0.54070395,-0.46652803,0.938912,-1.645,39.795,-3.5,,,,,,,,,,,,,,
58:8C:81:40:BE:24,Center,1,19376726,Imu,-0.396012,-0.63074,0.98600405,-1.645,39.62,-3.43,,,,,,,,,,,,,,
58:8C:81:40:BE:1C,Center,0,19407627,Imu,-0.209108,-0.45579198,0.927688,7.105,-11.55,19.705,,,,,,,,,,,,,,
58:8C:81:40:BE:1C,Center,0,19417303,Imu,-0.390156,-0.552172,1.163392,-5.075,10.01,18.41,,,,,,,,,,,,,,
58:8C:81:40:BE:1C,Center,0,19447624,Imu,-0.26986402,-0.557052,1.224636,-0.98,-16.415,16.275,,,,,,,,,,,,,,
58:8C:81:40:BE:1C,Center,0,19478756,Imu,-0.192516,-0.637084,1.0616441,-0.875,-18.165,13.23,,,,,,,,,,,,,,
58:8C:81:40:BE:1C,Center,0,19506203,Imu,-0.139568,-0.525088,1.136308,5.25,-7.56,13.755,,,,,,,,,,,,,,
58:8C:81:40:BE:24,Center,1,19536351,Imu,-0.120292,-0.536068,0.918172,-1.715,39.48,-3.5,,,,,,,,,,,,,,
58:8C:81:40:BE:1C,Center,0,19566758,Imu,-0.01342,-0.552416,1.0792121,5.215,-9.975,7.595,,,,,,,,,,,,,,
58:8C:81:40:BE:1C,Center,0,19596874,Imu,-0.17446001,-0.59658,1.14802,-10.64,0.42,7.56,,,,,,,,,,,,,,
58:8C:81:40:BE:24,Center,1,19627942,Imu,-0.15054801,-0.56729996,1.0533481,-1.785,35.035,-3.43,,,,,,,,,,,,,,
58:8C:81:40:BE:1C,Center,0,19658939,Imu,0.042944,-0.416508,0.964776,-1.82,-0.42,5.67,,,,,,,,,,,,,,
58:8C:81:40:BE:1C,Center,0,19689985,Imu,-0.105408005,-0.482876,0.97819597,-2.1,-3.605,4.655,,,,,,,,,,,,,,
58:8C:81:40:BE:24,Center,1,19721135,Imu,-0.154696,-0.468968,0.933788,-1.82,39.34,-3.605,,,,,,,,,,,,,,
58:8C:81:40:BE:24,Center,1,19751995,Imu,-0.043676,-0.480436,1.0972681,-1.75,40.215,-3.43,,,,,,,,,,,,,,
58:8C:81:40:BE:1C,Center,0,19783050,Imu,-0.054412,-0.489952,0.996008,-11.69,7.07,5.495,,,,,,,,,,,,,,
58:8C:81:40:BE:24,Center,1,19813790,Imu,-0.221064,-0.565104,1.141432,-1.68,39.06,-3.395,,,,,,,,,,,,,,
58:8C:81:40:BE:1C,Center,0,19844003,Imu,0.016104,-0.436272,0.75225204,-14.56,-16.31,6.65,,,,,,,,,,,,,,
58:8C:81:40:BE:24,Center,1,19875048,Imu,-0.020008,-0.395036,1.3995839,-1.75,39.025,-3.535,,,,,,,,,,,,,,
58:8C:81:40:BE:24,Center,1,19905957,Imu,-0.016592002,-0.59292,1.277584,-1.645,39.795,-3.535,,,,,,,,,,,,,,
58:8C:81:40:BE:24,Center,1,19937239,Imu,-0.056608003,-0.519964,0.878888,-1.68,36.4,-3.43,,,,,,,,,,,,,,
58:8C:81:40:BE:24,Center,1,19967933,Imu,-0.041968003,-0.489708,0.801784,-1.715,36.33,-3.605,,,,,,,,,,,,,,
58:8C:81:40:BE:1C,Center,0,20021370,Imu,0.008296001,-0.461892,1.001132,1.645,-11.515,1.015,,,,,,,,,,,,,,
58:8C:81:40:BE:24,Center,1,20051609,Imu,-0.064660005,-0.52459997,0.98088,-1.715,39.34,-3.57,,,,,,,,,,,,,,
58:8C:81:40:BE:24,Center,1,20081851,Imu,0.002684,-0.476044,1.21634,-1.715,38.745,-3.57,,,,,,,,,,,,,,
58:8C:81:40:BE:24,Center,1,20113074,Gps,,,,,,,43.47764733333333,-80.54597433333333,341.6,11.027,235,2026,3,8,21,33,31,0,,
58:8C:81:40:BE:1C,Center,0,20144003,Imu,-0.026596,-0.64147604,1.1170319,7.42,-4.62,0.35,,,,,,,,,,,,,,
58:8C:81:40:BE:24,Center,1,20174790,Imu,0.026108,-0.441152,1.046516,-1.61,39.06,-3.43,,,,,,,,,,,,,,
58:8C:81:40:BE:1C,Center,0,20204911,Imu,-0.021228,-0.471652,1.0343161,2.94,15.085,2.065,,,,,,,,,,,,,,
58:8C:81:40:BE:1C,Center,0,20236140,Imu,0.005368,-0.567788,1.051884,2.73,-3.815,0.805,,,,,,,,,,,,,,
58:8C:81:40:BE:1C,Center,0,20266905,Imu,-0.045872003,-0.538264,1.0638399,-2.8,3.815,0.0,,,,,,,,,,,,,,
58:8C:81:40:BE:1C,Center,0,20297912,Imu,-0.18129201,-0.546804,1.146556,-0.175,10.15,-0.28,,,,,,,,,,,,,,
58:8C:81:40:BE:24,Center,1,20329017,Imu,-0.173728,-0.502396,1.057496,-1.61,37.835,-3.57,,,,,,,,,,,,,,
58:8C:81:40:BE:1C,Center,0,20359877,Imu,-0.069052,-0.519476,0.89914,-3.255,-13.79,-0.49,,,,,,,,,,,,,,
58:8C:81:40:BE:24,Center,1,20390863,Gps,,,,,,,43.4776405,-80.54598833333333,341.6,7.94,236,2026,3,8,21,33,31,0,,
58:8C:81:40:BE:24,Center,1,20422018,Imu,-0.040260002,-0.47970402,1.127036,-1.645,39.27,-3.465,,,,,,,,,,,,,,
58:8C:81:40:BE:24,Center,1,20453064,Imu,0.026108,-0.54534,1.0431,-1.785,38.465,-3.5,,,,,,,,,,,,,,
58:8C:81:40:BE:1C,Center,0,20483893,Imu,0.0073200003,-0.59292,1.05164,1.82,3.15,-0.455,,,,,,,,,,,,,,
58:8C:81:40:BE:24,Center,1,20506839,Imu,0.0427,-0.585844,1.109712,-1.68,39.41,-3.5,,,,,,,,,,,,,,
58:8C:81:40:BE:1C,Center,0,20537070,Imu,0.02074,-0.64172006,1.0506641,0.07,-5.145,-1.855,,,,,,,,,,,,,,
58:8C:81:40:BE:1C,Center,0,20567796,Imu,-0.010980001,-0.529236,1.120692,9.625,1.645,-0.945,,,,,,,,,,,,,,
58:8C:81:40:BE:24,Center,1,20599048,Imu,-0.016347999,-0.616344,1.128256,-1.61,39.62,-3.5,,,,,,,,,,,,,,
58:8C:81:40:BE:24,Center,1,20629874,Imu,-0.072712,-0.6161,0.899384,-1.75,39.305,-3.5,,,,,,,,,,,,,,
58:8C:81:40:BE:24,Center,1,20660918,Imu,-0.042212002,-0.509472,0.99552,-1.785,39.795,-3.5,,,,,,,,,,,,,,
58:8C:81:40:BE:24,Center,1,20691945,Gps,,,,,,,43.477636,-80.54599716666667,341.6,4.668,236,2026,3,8,21,33,31,0,,
58:8C:81:40:BE:24,Center,1,20722992,Imu,-0.020252,-0.537044,1.0455401,-1.855,39.06,-3.57,,,,,,,,,,,,,,
58:8C:81:40:BE:1C,Center,0,20754168,Imu,-0.070516,-0.47531202,1.0875081,1.33,-0.91,-1.26,,,,,,,,,,,,,,
58:8C:81:40:BE:24,Center,1,20784888,Gps,,,,,,,43.477635166666666,-80.545999,341.6,3.556,235,2026,3,8,21,33,31,0,,
58:8C:81:40:BE:24,Center,1,20815894,Imu,-0.020496,-0.44286,0.9821,-1.645,39.585,-3.465,,,,,,,,,,,,,,
58:8C:81:40:BE:24,Center,1,20847015,Imu,-0.023668,-0.39747602,1.0887281,-1.785,36.89,-3.535,,,,,,,,,,,,,,
58:8C:81:40:BE:24,Center,1,20877760,Gps,,,,,,,43.4776345,-80.54600016666667,341.6,2.457,236,2026,3,8,21,33,31,0,,
58:8C:81:40:BE:24,Center,1,20908006,Imu,0.005856,-0.502396,1.051152,-1.68,36.645,-3.535,,,,,,,,,,,,,,
58:8C:81:40:BE:24,Center,1,20938695,Imu,0.013908,-0.214476,1.192672,-1.68,36.505,-3.57,,,,,,,,,,,,,,
58:8C:81:40:BE:24,Center,1,20968910,Imu,-0.116144,-0.3599,1.01138,-1.75,36.785,-3.535,,,,,,,,,,,,,,
58:8C:81:40:BE:24,Center,1,21006174,Imu,-0.089304,-0.501176,0.927932,-1.75,36.715,-3.535,,,,,,,,,,,,,,
58:8C:81:40:BE:24,Center,1,21036351,Imu,0.066124,-0.28108802,0.95062405,-1.715,39.235,-3.5,,,,,,,,,,,,,,
58:8C:81:40:BE:24,Center,1,21067272,Imu,0.0244,-0.422608,1.057008,-1.68,35.84,-3.43,,,,,,,,,,,,,,
58:8C:81:40:BE:24,Center,1,21098261,Imu,-0.106872,-0.39161998,1.136796,-1.68,39.55,-3.57,,,,,,,,,,,,,,
58:8C:81:40:BE:24,Center,1,21129232,Imu,0.0039040002,-0.158356,1.140212,-1.855,39.515,-3.64,,,,,,,,,,,,,,
58:8C:81:40:BE:24,Center,1,21160294,Imu,0.019032,-0.019276,1.0892161,-1.645,39.34,-3.465,,,,,,,,,,,,,,
58:8C:81:40:BE:1C,Center,0,21191276,Imu,0.062464003,0.129808,1.1065401,10.85,0.35,-0.7,,,,,,,,,,,,,,
58:8C:81:40:BE:24,Center,1,21222370,Imu,-0.053436,0.222528,1.150948,-1.68,38.99,-3.465,,,,,,,,,,,,,,
58:8C:81:40:BE:24,Center,1,21253145,Imu,-0.024644,0.22569999,1.0057681,-1.75,39.83,-3.395,,,,,,,,,,,,,,
58:8C:81:40:BE:24,Center,1,21283497,Gps,,,,,,,43.477634333333334,-80.54600083333334,341.6,0.503,182,2026,3,8,21,33,32,0,,
58:8C:81:40:BE:24,Center,1,21314254,Imu,0.0041480004,0.21642801,0.90524,-1.68,39.48,-3.605,,,,,,,,,,,,,,
58:8C:81:40:BE:1C,Center,0,21345277,Imu,0.071736,0.1708,0.970144,3.85,-0.735,-0.875,,,,,,,,,,,,,,
58:8C:81:40:BE:24,Center,1,21376307,Gps,,,,,,,43.477634333333334,-80.54600066666667,341.6,0.081,182,2026,3,8,21,33,32,0,,
58:8C:81:40:BE:1C,Center,0,21407328,Imu,0.047092,0.037088003,0.894992,-1.89,-0.455,-1.33,,,,,,,,,,,,,,
58:8C:81:40:BE:24,Center,1,21438385,Imu,0.010980001,0.013664001,0.87449604,-1.855,40.005,-3.57,,,,,,,,,,,,,,
58:8C:81:40:BE:24,Center,1,21469318,Imu,0.019764,0.010248,0.94501203,-1.68,36.925,-3.57,,,,,,,,,,,,,,
58:8C:81:40:BE:1C,Center,0,21507731,Imu,0.065148,0.0061,1.038708,-1.96,-2.45,-1.12,,,,,,,,,,,,,,
58:8C:81:40:BE:1C,Center,0,21537888,Imu,0.047824003,0.065391995,1.084336,0.77,-2.17,-1.365,,,,,,,,,,,,,,
58:8C:81:40:BE:24,Center,1,21568267,Imu,-0.035868,0.111264,1.08946,-1.68,39.585,-3.43,,,,,,,,,,,,,,
58:8C:81:40:BE:1C,Center,0,21599001,Imu,0.04758,0.105652,1.080188,1.435,0.21,-0.63,,,,,,,,,,,,,,
58:8C:81:40:BE:24,Center,1,21629285,Imu,-0.016592002,0.123464,1.084092,-1.68,39.55,-3.5,,,,,,,,,,,,,,
58:8C:81:40:BE:1C,Center,0,21660166,Imu,0.046604,0.086864,1.02724,0.49,-2.625,-1.33,,,,,,,,,,,,,,
58:8C:81:40:BE:1C,Center,0,21691182,Imu,0.0427,0.06344,1.0262641,0.84,-1.05,-1.12,,,,,,,,,,,,,,
58:8C:81:40:BE:24,Center,1,21722433,Imu,-0.020008,0.049043998,0.96136,-1.82,39.62,-3.535,,,,,,,,,,,,,,
58:8C:81:40:BE:1C,Center,0,21753170,Imu,0.023912001,0.041236,0.99064004,-1.645,-1.225,-0.98,,,,,,,,,,,,,,
58:8C:81:40:BE:24,Center,1,21784371,Imu,-0.015128001,0.060756,0.95892,-1.645,36.61,-3.5,,,,,,,,,,,,,,
58:8C:81:40:BE:1C,Center,0,21815095,Imu,0.05612,0.050508,1.038464,0.315,-2.45,-0.77,,,,,,,,,,,,,,
58:8C:81:40:BE:24,Center,1,21846194,Imu,-0.001464,0.066368006,1.0357801,-1.715,33.075,-3.43,,,,,,,,,,,,,,
58:8C:81:40:BE:24,Center,1,21877207,Imu,-0.00024400001,0.080032,1.059936,-1.61,39.27,-3.43,,,,,,,,,,,,,,
58:8C:81:40:BE:24,Center,1,21908214,Imu,0.0075640003,0.104676,1.040172,-1.855,40.11,-3.535,,,,,,,,,,,,,,
58:8C:81:40:BE:1C,Center,0,21939444,Imu,0.061244,0.073444,1.0443201,0.875,0.105,-0.84,,,,,,,,,,,,,,
58:8C:81:40:BE:24,Center,1,21970395,Imu,-0.0075640003,0.072712,1.002108,-1.75,39.515,-3.43,,,,,,,,,,,,,,
58:8C:81:40:BE:24,Center,1,22001306,Imu,-0.002928,0.088084,0.99064004,-1.68,34.055,-3.57,,,,,,,,,,,,,,
58:8C:81:40:BE:1C,Center,0,22006481,Imu,0.043676,0.060268,1.017968,-0.665,-0.105,-0.84,,,,,,,,,,,,,,
58:8C:81:40:BE:24,Center,1,22036677,Imu,-0.016592002,0.059536,1.013088,-1.61,37.1,-3.5,,,,,,,,,,,,,,
58:8C:81:40:BE:1C,Center,0,22067465,Imu,0.027816,0.063195996,1.0265081,1.575,-0.805,-0.84,,,,,,,,,,,,,,
58:8C:81:40:BE:1C,Center,0,22098636,Imu,0.05124,0.060268,1.035536,-0.28,-1.925,-0.98,,,,,,,,,,,,,,
58:8C:81:40:BE:1C,Center,0,22129323,Imu,0.0549,0.064660005,1.036756,1.75,-1.05,-0.875,,,,,,,,,,,,,,
58:8C:81:40:BE:24,Center,1,22159488,Gps,,,,,,,43.4776345,-80.54600066666667,341.6,0.011,182,2026,3,8,21,33,33,0,,
58:8C:81:40:BE:24,Center,1,22190745,Imu,-0.00024400001,0.069784,1.020164,-1.645,36.855,-3.465,,,,,,,,,,,,,,
58:8C:81:40:BE:24,Center,1,22221784,Imu,-0.0078080003,0.092232004,1.011868,-1.82,39.585,-3.535,,,,,,,,,,,,,,
58:8C:81:40:BE:24,Center,1,22252709,Gps,,,,,,,43.4776345,-80.54600066666667,341.6,0.008,182,2026,3,8,21,33,33,0,,
58:8C:81:40:BE:24,Center,1,22283685,Imu,0.00097600004,0.06832,1.003084,-1.75,39.725,-3.5,,,,,,,,,,,,,,
58:8C:81:40:BE:24,Center,1,22314546,Imu,-0.005856,0.083692,1.007232,-1.82,39.76,-3.535,,,,,,,,,,,,,,
58:8C:81:40:BE:1C,Center,0,22345780,Imu,0.059536,0.047824003,1.00772,0.245,-2.87,-0.42,,,,,,,,,,,,,,
58:8C:81:40:BE:1C,Center,0,22376461,Imu,0.017323999,0.080520004,0.99503195,2.975,3.885,-0.91,,,,,,,,,,,,,,
58:8C:81:40:BE:1C,Center,0,22407470,Imu,0.029524,0.040504,1.02236,0.14,1.855,-1.05,,,,,,,,,,,,,,
58:8C:81:40:BE:24,Center,1,22438482,Imu,0.01952,0.072224,1.0250441,-1.68,39.585,-3.43,,,,,,,,,,,,,,
58:8C:81:40:BE:24,Center,1,22469694,Gps,,,,,,,43.4776345,-80.5460005,341.6,0.036,182,2026,3,8,21,33,33,0,,
58:8C:81:40:BE:1C,Center,0,22506506,Imu,0.047336,0.064172,1.042368,-0.525,-1.05,-1.015,,,,,,,,,,,,,,
58:8C:81:40:BE:24,Center,1,22536724,Imu,-0.0046360004,0.082228005,0.992348,-1.82,39.76,-3.57,,,,,,,,,,,,,,
58:8C:81:40:BE:24,Center,1,22567486,Gps,,,,,,,43.47763466666667,-80.5460005,341.6,0.035,182,2026,3,8,21,33,33,0,,
58:8C:81:40:BE:24,Center,1,22598571,Imu,-0.016592002,0.078812,1.0126001,-1.75,34.16,-3.5,,,,,,,,,,,,,,
58:8C:81:40:BE:1C,Center,0,22629537,Imu,0.05002,0.070272006,1.02968,0.175,-1.75,-0.945,,,,,,,,,,,,,,
58:8C:81:40:BE:24,Center,1,22660597,Gps,,,,,,,43.47763466666667,-80.5460005,341.6,0.014,182,2026,3,8,21,33,33,0,,
58:8C:81:40:BE:24,Center,1,22691517,Imu,-0.0070760003,0.08418,0.98990804,-1.715,39.2,-3.5,,,,,,,,,,,,,,
58:8C:81:40:BE:24,Center,1,22722549,Imu,-0.017323999,0.072712,0.989664,-1.715,39.83,-3.465,,,,,,,,,,,,,,
58:8C:81:40:BE:24,Center,1,22753728,Imu,-0.0046360004,0.070760004,1.02968,-1.75,39.55,-3.57,,,,,,,,,,,,,,
58:8C:81:40:BE:1C,Center,0,22784550,Imu,0.054168,0.060756,1.043588,-1.33,-0.665,-0.735,,,,,,,,,,,,,,
58:8C:81:40:BE:24,Center,1,22815505,Imu,0.020984001,0.107847996,1.007476,-1.785,39.445,-3.535,,,,,,,,,,,,,,
58:8C:81:40:BE:1C,Center,0,22846690,Imu,0.040260002,0.079788,1.009184,1.785,1.085,-0.105,,,,,,,,,,,,,,
58:8C:81:40:BE:24,Center,1,22877395,Imu,-0.0068320003,0.096868,0.994544,-1.75,39.725,-3.535,,,,,,,,,,,,,,
58:8C:81:40:BE:1C,Center,0,22907754,Imu,0.04514,0.052948,1.01992,1.015,-1.015,-0.665,,,,,,,,,,,,,,
58:8C:81:40:BE:24,Center,1,22938521,Imu,-0.00048800002,0.087108,1.030656,-1.61,38.395,-3.535,,,,,,,,,,,,,,
58:8C:81:40:BE:24,Center,1,22969685,Gps,,,,,,,43.47763466666667,-80.5460005,341.6,0.013,182,2026,3,8,21,33,33,0,,
58:8C:81:40:BE:24,Center,1,23006564,Imu,-0.011712,0.062708,1.003084,-1.68,39.41,-3.57,,,,,,,,,,,,,,
58:8C:81:40:BE:1C,Center,0,23036824,Imu,0.051728,0.063928,1.029192,1.155,-0.525,-0.84,,,,,,,,,,,,,,
58:8C:81:40:BE:24,Center,1,23067757,Imu,-0.021960001,0.060268,1.045052,-1.785,39.165,-3.535,,,,,,,,,,,,,,
58:8C:81:40:BE:24,Center,1,23098660,Gps,,,,,,,43.47763466666667,-80.5460005,341.6,0.06,182,2026,3,8,21,33,34,0,,
58:8C:81:40:BE:1C,Center,0,23129725,Imu,0.054168,0.066612,1.025776,-0.91,-0.735,-0.91,,,,,,,,,,,,,,
58:8C:81:40:BE:1C,Center,0,23160895,Imu,0.05368,0.056852,1.0443201,1.26,-0.7,-0.77,,,,,,,,,,,,,,
58:8C:81:40:BE:24,Center,1,23191605,Imu,-0.005368,0.083448,1.00528,-1.61,39.55,-3.57,,,,,,,,,,,,,,
58:8C:81:40:BE:1C,Center,0,23222701,Imu,0.053436,0.063195996,1.0262641,1.295,-0.35,-0.7,,,,,,,,,,,,,,
58:8C:81:40:BE:24,Center,1,23253937,Imu,-0.009516,0.081984,1.01748,-1.715,38.255,-3.64,,,,,,,,,,,,,,
58:8C:81:40:BE:24,Center,1,23284667,Gps,,,,,,,43.47763483333333,-80.5460005,341.6,0.026,182,2026,3,8,21,33,34,0,,
58:8C:81:40:BE:24,Center,1,23315744,Imu,-0.00122,0.076128,1.009428,-1.715,39.69,-3.57,,,,,,,,,,,,,,
58:8C:81:40:BE:24,Center,1,23346965,Imu,-0.0065880003,0.07808,1.0140641,-1.75,39.235,-3.57,,,,,,,,,,,,,,
58:8C:81:40:BE:24,Center,1,23377659,Gps,,,,,,,43.47763483333333,-80.5460005,341.6,0.035,182,2026,3,8,21,33,34,0,,
58:8C:81:40:BE:24,Center,1,23408731,Imu,-0.00854,0.077348,1.02968,-1.61,33.215,-3.57,,,,,,,,,,,,,,
58:8C:81:40:BE:1C,Center,0,23440004,Imu,0.040748,0.063195996,1.031876,1.785,-1.47,-0.98,,,,,,,,,,,,,,
58:8C:81:40:BE:24,Center,1,23470832,Gps,,,,,,,43.47763483333333,-80.54600033333334,341.6,0.03,182,2026,3,8,21,33,34,0,,
58:8C:81:40:BE:24,Center,1,23507269,Imu,-0.014152001,0.068564005,1.011624,-1.645,36.05,-3.535,,,,,,,,,,,,,,
58:8C:81:40:BE:24,Center,1,23537478,Imu,-0.01586,0.070272006,1.0301679,-1.61,39.27,-3.535,,,,,,,,,,,,,,
58:8C:81:40:BE:1C,Center,0,23567711,Imu,0.050508,0.067099996,1.023824,1.54,-1.295,-0.875,,,,,,,,,,,,,,
58:8C:81:40:BE:24,Center,1,23598813,Imu,-0.012932,0.07198001,1.0382199,-1.715,39.55,-3.36,,,,,,,,,,,,,,
58:8C:81:40:BE:24,Center,1,23629847,Imu,-0.017568002,0.080764,0.99503195,-1.68,39.585,-3.465,,,,,,,,,,,,,,
58:8C:81:40:BE:24,Center,1,23660970,Imu,-0.01708,0.079056,1.019188,-1.89,39.795,-3.605,,,,,,,,,,,,,,
58:8C:81:40:BE:24,Center,1,23691866,Gps,,,,,,,43.47763483333333,-80.54600033333334,341.6,0.014,182,2026,3,8,21,33,34,0,,
58:8C:81:40:BE:1C,Center,0,23723042,Imu,0.040260002,0.060756,1.041392,-0.105,-1.12,-1.015,,,,,,,,,,,,,,
58:8C:81:40:BE:24,Center,1,23753976,Imu,-0.014152001,0.073932,1.020896,-1.75,39.9,-3.745,,,,,,,,,,,,,,
58:8C:81:40:BE:24,Center,1,23784664,Gps,,,,,,,43.47763483333333,-80.54600033333334,341.6,0.037,182,2026,3,8,21,33,34,0,,
58:8C:81:40:BE:24,Center,1,23814927,Imu,-0.006344,0.075152,1.005524,-1.785,37.03,-3.57,,,,,,,,,,,,,,
58:8C:81:40:BE:1C,Center,0,23845778,Imu,0.039772,0.066368006,1.0235801,0.385,-1.085,-1.015,,,,,,,,,,,,,,
58:8C:81:40:BE:24,Center,1,23876867,Gps,,,,,,,43.47763483333333,-80.54600033333334,341.6,0.025,182,2026,3,8,21,33,34,0,,
58:8C:81:40:BE:1C,Center,0,23907951,Imu,0.044408,0.067344,1.034072,0.35,-0.98,-0.98,,,,,,,,,,,,,,
58:8C:81:40:BE:24,Center,1,23938649,Imu,-0.013176001,0.07686,1.040416,-1.75,39.445,-3.605,,,,,,,,,,,,,,
58:8C:81:40:BE:1C,Center,0,23968852,Imu,0.044652,0.07198001,1.019676,2.52,-1.33,-1.12,,,,,,,,,,,,,,
58:8C:81:40:BE:24,Center,1,24006756,Imu,-0.0073200003,0.078812,1.0099161,-1.645,35.63,-3.465,,,,,,,,,,,,,,
58:8C:81:40:BE:1C,Center,0,24036885,Imu,0.043920003,0.063195996,1.0362681,1.645,-1.33,-1.015,,,,,,,,,,,,,,
58:8C:81:40:BE:1C,Center,0,24067618,Imu,0.047336,0.061976,1.0426121,0.175,-1.19,-0.98,,,,,,,,,,,,,,
58:8C:81:40:BE:1C,Center,0,24097935,Imu,0.044896,0.055388,1.021384,0.98,-1.05,-0.91,,,,,,,,,,,,,,
58:8C:81:40:BE:24,Center,1,24128883,Imu,-0.009028,0.080520004,1.0262641,-1.61,39.445,-3.5,,,,,,,,,,,,,,
58:8C:81:40:BE:1C,Center,0,24159572,Imu,0.042944,0.066856004,1.023824,2.275,-0.945,-0.875,,,,,,,,,,,,,,
58:8C:81:40:BE:24,Center,1,24189863,Gps,,,,,,,43.477635,-80.54600033333334,341.6,0.047,182,2026,3,8,21,33,35,0,,
58:8C:81:40:BE:1C,Center,0,24220639,Imu,0.040992,0.059536,1.04798,1.82,-1.085,-0.875,,,,,,,,,,,,,,
58:8C:81:40:BE:24,Center,1,24251715,Imu,-0.010736,0.075396,1.010648,-1.75,39.34,-3.57,,,,,,,,,,,,,,
58:8C:81:40:BE:1C,Center,0,24282929,Imu,0.044652,0.06344,1.034072,0.105,-1.61,-0.875,,,,,,,,,,,,,,
58:8C:81:40:BE:24,Center,1,24313944,Imu,-0.014396,0.073444,1.007232,-1.68,39.69,-3.465,,,,,,,,,,,,,,
58:8C:81:40:BE:24,Center,1,24344719,Imu,-0.016104,0.073932,0.99405605,-1.75,39.375,-3.43,,,,,,,,,,,,,,
58:8C:81:40:BE:24,Center,1,24375770,Imu,-0.01586,0.0732,1.024312,-1.645,38.815,-3.57,,,,,,,,,,,,,,
58:8C:81:40:BE:24,Center,1,24407077,Imu,-0.017323999,0.0732,1.009184,-1.715,36.085,-3.57,,,,,,,,,,,,,,
58:8C:81:40:BE:24,Center,1,24438104,Imu,-0.0070760003,0.077348,1.0287039,-1.68,38.325,-3.465,,,,,,,,,,,,,,
58:8C:81:40:BE:24,Center,1,24468854,Imu,-0.01586,0.077592,1.006988,-1.715,37.73,-3.43,,,,,,,,,,,,,,
58:8C:81:40:BE:1C,Center,0,24506897,Imu,0.045628004,0.058804,1.02114,0.14,-1.295,-0.945,,,,,,,,,,,,,,
58:8C:81:40:BE:1C,Center,0,24537251,Imu,0.04514,0.061244,1.047004,-0.14,-1.33,-1.05,,,,,,,,,,,,,,
58:8C:81:40:BE:24,Center,1,24568106,Imu,-0.011712,0.079056,1.0057681,-1.575,39.48,-3.465,,,,,,,,,,,,,,
58:8C:81:40:BE:1C,Center,0,24598817,Imu,0.049776003,0.061488,1.037732,-0.735,-1.33,-0.945,,,,,,,,,,,,,,
58:8C:81:40:BE:24,Center,1,24629922,Imu,-0.01342,0.081984,1.009184,-1.785,38.71,-3.465,,,,,,,,,,,,,,
58:8C:81:40:BE:1C,Center,0,24660976,Imu,0.050264,0.06344,1.032852,0.665,-1.33,-0.875,,,,,,,,,,,,,,
58:8C:81:40:BE:24,Center,1,24692108,Gps,,,,,,,43.477635166666666,-80.54600016666667,341.6,0.057,182,2026,3,8,21,33,35,0,,
58:8C:81:40:BE:1C,Center,0,24723091,Imu,0.041724,0.060268,1.0379759,1.4,-0.875,-0.91,,,,,,,,,,,,,,
58:8C:81:40:BE:24,Center,1,24753990,Imu,-0.0068320003,0.073444,1.0309,-1.715,39.97,-3.535,,,,,,,,,,,,,,
58:8C:81:40:BE:1C,Center,0,24784685,Imu,0.040992,0.064660005,1.0287039,0.14,-1.54,-1.085,,,,,,,,,,,,,,
58:8C:81:40:BE:24,Center,1,24814976,Imu,-0.0065880003,0.074907996,1.029924,-1.715,39.48,-3.465,,,,,,,,,,,,,,
58:8C:81:40:BE:1C,Center,0,24846089,Imu,0.043676,0.061488,1.045052,-0.805,-1.715,-0.98,,,,,,,,,,,,,,
58:8C:81:40:BE:24,Center,1,24877002,Imu,-0.010004,0.077104,1.007232,-1.855,35.98,-3.535,,,,,,,,,,,,,,
58:8C:81:40:BE:1C,Center,0,24907919,Imu,0.042456,0.067099996,1.035292,-0.07,-1.715,-1.05,,,,,,,,,,,,,,
58:8C:81:40:BE:24,Center,1,24938877,Imu,-0.016104,0.07686,1.016992,-1.715,39.585,-3.57,,,,,,,,,,,,,,
58:8C:81:40:BE:1C,Center,0,24969919,Imu,0.050508,0.06222,1.043344,0.77,-1.05,-1.015,,,,,,,,,,,,,,
58:8C:81:40:BE:1C,Center,0,25007279,Imu,0.045383997,0.068564005,1.009428,1.155,-0.7,-0.98,,,,,,,,,,,,,,
58:8C:81:40:BE:1C,Center,0,25037684,Imu,0.049288,0.062464003,1.0360241,-1.085,-1.68,-0.91,,,,,,,,,,,,,,
58:8C:81:40:BE:1C,Center,0,25068820,Imu,0.037332002,0.064416,1.024068,0.595,-1.295,-1.12,,,,,,,,,,,,,,
58:8C:81:40:BE:1C,Center,0,25099541,Imu,0.044164002,0.059779998,1.042368,1.155,-1.33,-0.91,,,,,,,,,,,,,,
58:8C:81:40:BE:24,Center,1,25129830,Imu,-0.021960001,0.072712,1.0057681,-1.75,35.945,-3.57,,,,,,,,,,,,,,
58:8C:81:40:BE:24,Center,1,25160620,Imu,-0.015128001,0.079056,1.003084,-1.715,34.65,-3.57,,,,,,,,,,,,,,
58:8C:81:40:BE:24,Center,1,25191576,Imu,-0.008296001,0.074907996,1.038464,-1.61,39.585,-3.465,,,,,,,,,,,,,,
58:8C:81:40:BE:24,Center,1,25221931,Imu,-0.0122,0.081008,0.990396,-1.61,31.57,-3.43,,,,,,,,,,,,,,
58:8C:81:40:BE:24,Center,1,25252767,Imu,-0.005612,0.078568004,1.0382199,-1.715,37.03,-3.57,,,,,,,,,,,,,,
58:8C:81:40:BE:24,Center,1,25283636,Imu,-0.01708,0.082716,0.98844403,-1.645,39.725,-3.5,,,,,,,,,,,,,,
58:8C:81:40:BE:24,Center,1,25314868,Imu,-0.003172,0.075396,1.031388,-1.785,37.59,-3.535,,,,,,,,,,,,,,
58:8C:81:40:BE:1C,Center,0,25345823,Imu,0.042944,0.062464003,1.035536,-0.665,-1.715,-0.875,,,,,,,,,,,,,,
58:8C:81:40:BE:1C,Center,0,25376534,Imu,0.048556,0.05734,1.0235801,1.855,-1.26,-1.05,,,,,,,,,,,,,,
58:8C:81:40:BE:24,Center,1,25406864,Imu,-0.01342,0.070272006,1.030412,-1.645,40.005,-3.605,,,,,,,,,,,,,,
58:8C:81:40:BE:24,Center,1,25437732,Imu,-0.016592002,0.082716,1.019188,-1.785,39.41,-3.605,,,,,,,,,,,,,,
58:8C:81:40:BE:24,Center,1,25468948,Imu,-0.0039040002,0.067587994,1.04066,-1.715,40.25,-3.43,,,,,,,,,,,,,,
58:8C:81:40:BE:24,Center,1,25499876,Gps,,,,,,,43.47763533333333,-80.54600016666667,341.5,0.014,182,2026,3,8,21,33,36,0,,
58:8C:81:40:BE:24,Center,1,25507107,Imu,-0.00244,0.071248,1.05164,-1.68,39.935,-3.605,,,,,,,,,,,,,,
58:8C:81:40:BE:24,Center,1,25537410,Imu,-0.010492001,0.072224,1.031388,-1.785,39.235,-3.535,,,,,,,,,,,,,,
58:8C:81:40:BE:24,Center,1,25568301,Gps,,,,,,,43.47763533333333,-80.546,341.5,0.054,182,2026,3,8,21,33,36,0,,
58:8C:81:40:BE:1C,Center,0,25599276,Imu,0.041968003,0.072224,1.015528,1.785,-1.435,-0.945,,,,,,,,,,,,,,
58:8C:81:40:BE:24,Center,1,25630081,Imu,-0.013664001,0.0732,1.0345601,-1.715,38.64,-3.5,,,,,,,,,,,,,,
58:8C:81:40:BE:24,Center,1,25661335,Imu,-0.011224,0.083204,1.0111359,-1.505,39.48,-3.5,,,,,,,,,,,,,,
58:8C:81:40:BE:24,Center,1,25692019,Imu,-0.014152001,0.082716,1.028948,-1.715,39.935,-3.57,,,,,,,,,,,,,,
58:8C:81:40:BE:24,Center,1,25723000,Imu,-0.00488,0.077836,1.019676,-1.68,38.99,-3.43,,,,,,,,,,,,,,
58:8C:81:40:BE:1C,Center,0,25754172,Imu,0.046116002,0.063928,1.020652,2.415,-0.14,-1.05,,,,,,,,,,,,,,
58:8C:81:40:BE:24,Center,1,25785367,Imu,-0.011956001,0.070760004,1.00528,-1.61,39.69,-3.5,,,,,,,,,,,,,,
58:8C:81:40:BE:1C,Center,0,25816198,Imu,0.044896,0.060268,1.025532,2.8,-0.805,-0.805,,,,,,,,,,,,,,
58:8C:81:40:BE:24,Center,1,25846906,Imu,-0.008784001,0.077348,1.05896,-1.715,39.48,-3.5,,,,,,,,,,,,,,
58:8C:81:40:BE:24,Center,1,25877091,Gps,,,,,,,43.4776355,-80.546,341.6,0.013,182,2026,3,8,21,33,36,0,,
58:8C:81:40:BE:24,Center,1,25908332,Imu,-0.005612,0.077592,1.05896,-1.575,36.575,-3.465,,,,,,,,,,,,,,
58:8C:81:40:BE:1C,Center,0,25939074,Imu,0.033916,0.072468005,1.028948,1.015,-2.345,-0.98,,,,,,,,,,,,,,
58:8C:81:40:BE:24,Center,1,25970254,Gps,,,,,,,43.4776355,-80.546,341.6,0.029,182,2026,3,8,21,33,36,0,,
58:8C:81:40:BE:24,Center,1,26007550,Imu,-0.0244,0.082472,0.97746396,-1.75,39.55,-3.605,,,,,,,,,,,,,,
58:8C:81:40:BE:24,Center,1,26037816,Imu,-0.009272001,0.080276,1.0638399,-1.68,39.55,-3.605,,,,,,,,,,,,,,
58:8C:81:40:BE:24,Center,1,26068534,Imu,0.017323999,-0.072712,1.0601801,-1.645,39.48,-3.535,,,,,,,,,,,,,,
58:8C:81:40:BE:24,Center,1,26099389,Imu,0.012444001,0.080032,1.0601801,-1.82,39.34,-3.64,,,,,,,,,,,,,,
58:8C:81:40:BE:1C,Center,0,26130536,Imu,0.050508,0.037332002,1.012356,-2.59,-0.28,-1.05,,,,,,,,,,,,,,
58:8C:81:40:BE:1C,Center,0,26161393,Imu,0.040504,0.06807601,1.017724,2.975,-0.175,-0.77,,,,,,,,,,,,,,
58:8C:81:40:BE:24,Center,1,26192587,Imu,-0.00097600004,0.076372005,0.98039204,-1.75,35.385,-3.535,,,,,,,,,,,,,,
58:8C:81:40:BE:1C,Center,0,26223328,Imu,0.034892,0.084912,1.071892,2.835,-1.435,-1.085,,,,,,,,,,,,,,
58:8C:81:40:BE:24,Center,1,26254398,Imu,0.00122,0.076372005,1.022604,-1.68,38.57,-3.465,,,,,,,,,,,,,,
58:8C:81:40:BE:24,Center,1,26285611,Gps,,,,,,,43.477635666666664,-80.54599983333334,341.6,0.048,182,2026,3,8,21,33,37,0,,
58:8C:81:40:BE:24,Center,1,26316490,Imu,-0.0017080001,0.076372005,1.029924,-1.54,36.12,-3.465,,,,,,,,,,,,,,
58:8C:81:40:BE:1C,Center,0,26347236,Imu,0.032208,0.072712,1.017968,1.505,-2.17,-1.19,,,,,,,,,,,,,,
58:8C:81:40:BE:1C,Center,0,26377554,Imu,0.051972,0.065391995,1.0553,-0.945,-2.03,-0.875,,,,,,,,,,,,,,
58:8C:81:40:BE:1C,Center,0,26408286,Imu,0.046604,0.062464003,1.015772,1.855,-0.49,-1.015,,,,,,,,,,,,,,
58:8C:81:40:BE:24,Center,1,26438407,Imu,-0.017323999,0.077592,1.01626,-1.61,39.13,-3.535,,,,,,,,,,,,,,
58:8C:81:40:BE:1C,Center,0,26469486,Imu,0.029280001,0.072468005,1.1243521,-0.42,-0.665,-1.05,,,,,,,,,,,,,,
58:8C:81:40:BE:24,Center,1,26508467,Imu,0.00854,0.072956,1.0533481,-1.75,39.62,-3.57,,,,,,,,,,,,,,
58:8C:81:40:BE:1C,Center,0,26538681,Imu,0.047824003,0.05002,1.0330961,-0.595,0.735,-0.91,,,,,,,,,,,,,,
58:8C:81:40:BE:1C,Center,0,26569352,Imu,0.044652,0.065148,1.047492,2.835,0.49,-0.84,,,,,,,,,,,,,,
58:8C:81:40:BE:24,Center,1,26600235,Heartbeat,,,,,,,,,,,,,,,,,,,66,
58:8C:81:40:BE:24,Center,1,26631054,Imu,-0.008052,0.071003996,1.00284,-1.645,36.33,-3.5,,,,,,,,,,,,,,
58:8C:81:40:BE:24,Center,1,26662133,Imu,-0.014640001,0.076372005,1.012112,-1.715,38.885,-3.395,,,,,,,,,,,,,,
58:8C:81:40:BE:1C,Center,0,26693154,Imu,0.046848,0.064172,1.015528,0.77,-0.42,-0.98,,,,,,,,,,,,,,
58:8C:81:40:BE:1C,Center,0,26724099,Imu,0.045628004,0.068564005,1.047004,0.63,-1.155,-1.12,,,,,,,,,,,,,,
58:8C:81:40:BE:24,Center,1,26755079,Imu,-0.014396,0.080276,1.0309,-1.82,39.445,-3.465,,,,,,,,,,,,,,
58:8C:81:40:BE:24,Center,1,26786103,Gps,,,,,,,43.47763583333333,-80.54599966666666,341.6,0.035,182,2026,3,8,21,33,37,0,,
58:8C:81:40:BE:1C,Center,0,26817323,Imu,0.03904,0.055144,1.023092,0.595,-1.89,-1.19,,,,,,,,,,,,,,
58:8C:81:40:BE:1C,Center,0,26848272,Imu,0.036356,0.059779998,1.019432,1.68,-0.455,-1.26,,,,,,,,,,,,,,
58:8C:81:40:BE:1C,Center,0,26879056,Imu,0.049776003,0.070516,1.0457841,1.575,-1.68,-1.33,,,,,,,,,,,,,,
58:8C:81:40:BE:1C,Center,0,26910283,Imu,0.049043998,0.072712,1.02724,1.575,-0.805,-0.98,,,,,,,,,,,,,,
58:8C:81:40:BE:24,Center,1,26941165,Imu,-0.0073200003,0.076372005,1.0221161,-1.68,34.125,-3.43,,,,,,,,,,,,,,
58:8C:81:40:BE:1C,Center,0,26972121,Imu,0.041236,0.064172,1.047248,0.84,-0.98,-0.98,,,,,,,,,,,,,,
58:8C:81:40:BE:24,Center,1,27007389,Imu,-0.015372,0.0793,1.008452,-1.61,39.27,-3.605,,,,,,,,,,,,,,
