timestamp_us,lat_synth,lon_synth,v_north_mps,v_east_mps,gps_heading_deg
1100874830,43.47768083333333,-80.54529383333333,0.0,0.0,328
1100970974,43.47768083333333,-80.54529383333333,0.0,0.0,328
1101571817,43.477681,-80.54529383333333,0.0,0.0,328
1101873063,43.477681,-80.54529383333333,0.0,0.0,328
1102174569,43.477681,-80.54529383333333,0.0,0.0,328
1102296687,43.477681,-80.54529383333333,0.0,0.0,328
1102576169,43.477681,-80.54529383333333,0.0,0.0,328
1103173405,43.477681,-80.54529366666667,0.0,0.0,328
1103297271,43.47768083333333,-80.54529366666667,0.0,0.0,328
1103872560,43.477681,-80.54529366666667,0.0,0.0,328
1104298536,43.47768083333333,-80.5452935,0.0,0.0,328
1104872469,43.47768083333333,-80.5452935,0.0,0.0,328
1105172091,43.47768083333333,-80.5452935,0.0,0.0,328
1105572321,43.47768083333333,-80.5452935,0.0,0.0,328
1105873657,43.47768083333333,-80.5452935,0.0,0.0,328
1106475888,43.47768083333333,-80.54529366666667,0.0,0.0,328
1106874300,43.477681,-80.54529383333333,0.0,0.0,328
1107871681,43.47768116666666,-80.545294,0.0,0.0,328
1108174177,43.47768116666666,-80.545294,0.0,0.0,328
1108296575,43.47768116666666,-80.545294,0.0,0.0,328
1108572443,43.47768116666666,-80.545294,0.0,0.0,328
1109173289,43.47768133333334,-80.54529416666666,0.0,0.0,328
1109477451,43.47768133333334,-80.54529433333333,0.0,0.0,328
1109874387,43.4776815,-80.54529433333333,0.0,0.0,328
1110477853,43.4776815,-80.54529433333333,0.0,0.0,328
1110571997,43.4776815,-80.54529433333333,0.0,0.0,328
1110872497,43.4776815,-80.54529433333333,0.0,0.0,328
1111173010,43.4776815,-80.54529433333333,0.0,0.0,328
1111295742,43.4776815,-80.54529433333333,0.0,0.0,328
1111571628,43.47768166666667,-80.54529433333333,0.0,0.0,328
1112172355,43.47768166666667,-80.54529433333333,0.0,0.0,328
1112296681,43.47768166666667,-80.54529433333333,0.0,0.0,328
1112873666,43.47768166666667,-80.54529433333333,0.0,0.0,328
1113171287,43.477681833333335,-80.54529433333333,0.0,0.0,328
1113572984,43.477681833333335,-80.54529416666666,0.0,0.0,328
1114172404,43.477681833333335,-80.54529433333333,0.0,0.0,328
1114296909,43.477681833333335,-80.54529433333333,0.0,0.0,328
1114473988,43.477681833333335,-80.54529433333333,0.0,0.0,328
1114570947,43.477681833333335,-80.54529433333333,0.0,0.0,328
1114874044,43.477681833333335,-80.54529433333333,0.0,0.0,328
1115175712,43.477681833333335,-80.5452945,0.0,0.0,328
1115299363,43.477682,-80.5452945,0.0,0.0,328
1115572382,43.477682,-80.5452945,0.0,0.0,328
1115871828,43.477682,-80.5452945,0.0,0.0,328
1116475076,43.477682,-80.54529466666666,0.0,0.0,328
1116572291,43.477682,-80.54529466666666,0.0,0.0,328
1116872663,43.477682,-80.54529466666666,0.0,0.0,328
1117174683,43.47768216666667,-80.54529466666666,0.0,0.0,328
1117294636,43.47768216666667,-80.54529466666666,0.0,0.0,328
1117474714,43.47768216666667,-80.54529466666666,0.0,0.0,328
1117569388,43.47768216666667,-80.54529466666666,0.0,0.0,328
1117875098,43.47768216666667,-80.54529483333333,0.0,0.0,328
1118473086,43.477682333333334,-80.54529483333333,0.0,0.0,328
1118570335,43.477682333333334,-80.54529483333333,0.0,0.0,328
1119293995,43.477682333333334,-80.545295,0.0,0.0,328
1119473718,43.477682333333334,-80.545295,0.0,0.0,328
1120472221,43.4776825,-80.54529533333333,0.0,0.0,328
1120570331,43.4776825,-80.54529533333333,0.0,0.0,328
1121377496,43.4776825,-80.54529533333333,0.0,0.0,328
1121475160,43.4776825,-80.54529533333333,0.0,0.0,328
1121871405,43.4776825,-80.54529533333333,0.0,0.0,328
1122073843,43.4776825,-80.54529533333333,0.0,0.0,328
1122172085,43.4776825,-80.54529533333333,0.0,0.0,328
1122470954,43.4776825,-80.54529533333333,0.0,0.0,328
1122872280,43.4776825,-80.54529533333333,0.0,0.0,328
1123172689,43.4776825,-80.54529533333333,0.0,0.0,328
1123473029,43.477682333333334,-80.54529533333333,0.0,0.0,328
1124171667,43.477682333333334,-80.54529516666666,0.0,0.0,328
1124872398,43.4776825,-80.54529516666666,0.0,0.0,328
1125171664,43.4776825,-80.54529516666666,0.0,0.0,328
1125294039,43.4776825,-80.54529516666666,0.0,0.0,328
1125472733,43.4776825,-80.54529516666666,0.0,0.0,328
1125779952,43.4776825,-80.54529533333333,0.0,0.0,328
1126172952,43.4776825,-80.54529533333333,0.0,0.0,328
1126471531,43.47768266666667,-80.54529533333333,0.0,0.0,328
1126869171,43.47768266666667,-80.5452955,0.0,0.0,328
1127074067,43.47768283333333,-80.54529566666666,0.0,0.0,326
1128072958,43.477685666666666,-80.54529883333333,0.0,0.0,320
1128472644,43.4776875,-80.545301,0.0,0.0,316
1128772521,43.47768933333333,-80.5453035,0.0,0.0,314
1129372726,43.477694166666666,-80.5453105,0.0,0.0,311
1129773953,43.477698,-80.54531683333333,0.0,0.0,306
1130074486,43.477701,-80.54532266666666,0.0,0.0,303
1130290773,43.477703,-80.545327,0.0,0.0,300
1130674031,43.4777065,-80.5453375,0.0,0.0,292
1130773733,43.477707333333335,-80.54534033333333,0.0,0.0,290
1131373237,43.477711166666666,-80.54536033333333,0.0,0.0,280
1131469985,43.4777115,-80.54536416666667,0.0,0.0,278
1131674937,43.477712,-80.54537216666667,0.0,0.0,274
1131772443,43.47771216666667,-80.54537616666667,0.0,0.0,272
1132289470,43.477711166666666,-80.54539833333334,0.0,0.0,262
1132374230,43.4777105,-80.54540316666667,0.0,0.0,260
1132674631,43.477707833333334,-80.54541833333333,0.0,0.0,253
1132772561,43.47770633333333,-80.54542366666666,0.0,0.0,250
1133075025,43.47770116666667,-80.54544066666666,0.0,0.0,244
1133673889,43.4776845,-80.54547533333333,0.0,0.0,231
1133772585,43.47768083333333,-80.545481,0.0,0.0,229
1134071835,43.477668666666666,-80.54549733333333,0.0,0.0,222
1134674320,43.47763716666667,-80.545526,0.0,0.0,208
1135073938,43.4776135,-80.54553883333334,0.0,0.0,198
1135975686,43.4775615,-80.54554316666666,0.0,0.0,173
1136672658,43.477523166666664,-80.54553533333333,0.0,0.0,172
1136973928,43.477507,-80.5455325,0.0,0.0,173
1137073362,43.4775015,-80.54553133333333,0.0,0.0,173
1137374620,43.47748566666667,-80.54552916666667,0.0,0.0,175
1137670495,43.47747,-80.5455275,0.0,0.0,176
1137974776,43.4774545,-80.54552683333333,0.0,0.0,179
1138072658,43.4774495,-80.545527,0.0,0.0,180
1138672947,43.4774205,-80.545529,0.0,0.0,185
1139671572,43.47737633333333,-80.54553916666667,0.0,0.0,194
1139972592,43.477364,-80.54554416666667,0.0,0.0,197
1140372492,43.477348166666665,-80.545553,0.0,0.0,203
1140672392,43.477337,-80.54556133333334,0.0,0.0,210
1140974275,43.477326,-80.54557133333333,0.0,0.0,214
1141070881,43.47732216666667,-80.545575,0.0,0.0,215
1141373594,43.477311,-80.54558733333333,0.0,0.0,220
1141673192,43.4772995,-80.5456015,0.0,0.0,224
1141973799,43.4772885,-80.5456175,0.0,0.0,227
1142070514,43.477284833333336,-80.54562316666667,0.0,0.0,228
1142370937,43.477274,-80.545641,0.0,0.0,231
1143069109,43.477250166666664,-80.545686,0.0,0.0,235
1143670896,43.47723116666667,-80.54572616666667,0.0,0.0,238
1143972983,43.47722233333333,-80.5457465,0.0,0.0,240
1144371794,43.477211833333335,-80.545774,0.0,0.0,243
1144673825,43.477204666666665,-80.54579433333333,0.0,0.0,244
1144973610,43.477198,-80.54581466666667,0.0,0.0,245
1145970506,43.47717816666667,-80.5458805,0.0,0.0,248
1146371935,43.47717133333333,-80.54590566666667,0.0,0.0,249
1146670708,43.4771665,-80.5459245,0.0,0.0,250
1146974044,43.477162166666666,-80.54594266666666,0.0,0.0,251
1147372619,43.47715733333333,-80.5459665,0.0,0.0,254
1147574124,43.477155333333336,-80.54597816666667,0.0,0.0,256
1147672129,43.4771545,-80.54598366666667,0.0,0.0,257
1148577893,43.4771495,-80.54603266666666,0.0,0.0,265
1149574787,43.47715133333333,-80.5460825,0.0,0.0,277
1149970531,43.477154,-80.54610116666667,0.0,0.0,281
1150178067,43.477155833333335,-80.54611033333333,0.0,0.0,284
1150573788,43.4771605,-80.54612816666666,0.0,0.0,290
1152872054,43.4772195,-80.546217,0.0,0.0,327
1153297444,43.477234333333335,-80.54622983333333,0.0,0.0,329
1153573145,43.47724633333333,-80.54623933333333,0.0,0.0,329
1153872343,43.47725883333333,-80.546249,0.0,0.0,330
1154296976,43.47727616666667,-80.54626266666666,0.0,0.0,330
1154479156,43.477285333333334,-80.54626983333333,0.0,0.0,330
1154572440,43.47728983333333,-80.5462735,0.0,0.0,330
1154876003,43.47730416666667,-80.54628466666666,0.0,0.0,330
1155174829,43.477318833333335,-80.54629616666666,0.0,0.0,330
1155299767,43.47732383333334,-80.54630016666667,0.0,0.0,330
1155874863,43.477355333333335,-80.54632433333333,0.0,0.0,330
1156174819,43.4773715,-80.54633666666666,0.0,0.0,331
1156575754,43.477393666666664,-80.5463535,0.0,0.0,331
1157174291,43.477427666666664,-80.54637866666667,0.0,0.0,332
1157572326,43.477450833333336,-80.54639516666667,0.0,0.0,333
1157779202,43.4774625,-80.5464035,0.0,0.0,332
1158174862,43.477486,-80.54642,0.0,0.0,332
1158571503,43.47750933333333,-80.5464365,0.0,0.0,332
1158871810,43.477526833333336,-80.54644883333333,0.0,0.0,332
1159172730,43.47754416666667,-80.546461,0.0,0.0,333
1159294703,43.47755,-80.546465,0.0,0.0,332
1159874009,43.47758433333333,-80.546489,0.0,0.0,332
1160294958,43.477606333333334,-80.54650433333333,0.0,0.0,332
1160572632,43.477622333333336,-80.5465155,0.0,0.0,333
1160871735,43.47763783333333,-80.54652616666667,0.0,0.0,333
1161172394,43.477652666666664,-80.5465365,0.0,0.0,333
1161473346,43.477667,-80.54654633333334,0.0,0.0,333
1161569985,43.477671666666666,-80.54654966666666,0.0,0.0,333
1162772567,43.4777225,-80.54658366666666,0.0,0.0,334
1162875353,43.47772616666666,-80.54658616666667,0.0,0.0,333
1163473065,43.47774666666667,-80.54659966666667,0.0,0.0,334
1163570516,43.47774966666667,-80.54660166666666,0.0,0.0,334
1163874373,43.477758666666666,-80.54660766666667,0.0,0.0,334
1164078742,43.4777645,-80.54661166666666,0.0,0.0,333
1164171993,43.47776733333333,-80.5466135,0.0,0.0,333
1164473345,43.477775333333334,-80.54661966666667,0.0,0.0,330
1164873561,43.477785,-80.54662816666666,0.0,0.0,326
1165291397,43.4777935,-80.54663766666667,0.0,0.0,319
1165873733,43.477804666666664,-80.54665433333334,0.0,0.0,309
1166171661,43.47780933333333,-80.546664,0.0,0.0,303
1166296329,43.477810833333336,-80.5466675,0.0,0.0,301
1166871755,43.47781916666667,-80.5466915,0.0,0.0,293
1167171567,43.477822333333336,-80.54670533333334,0.0,0.0,286
1167473223,43.47782483333334,-80.5467205,0.0,0.0,281
1167571031,43.4778255,-80.54672583333334,0.0,0.0,279
1167773588,43.47782616666667,-80.5467365,0.0,0.0,274
1168171726,43.47782566666667,-80.5467585,0.0,0.0,265
1168297327,43.47782516666667,-80.546764,0.0,0.0,263
1168773694,43.477821166666665,-80.54679366666667,0.0,0.0,257
1168873317,43.47782,-80.5468,0.0,0.0,255
1169292859,43.477814,-80.54682616666666,0.0,0.0,251
1169375589,43.47781233333333,-80.546833,0.0,0.0,250
1169474129,43.4778105,-80.54684,0.0,0.0,249
1169774735,43.477804166666665,-80.54686183333334,0.0,0.0,247
1169870510,43.47780183333333,-80.54686933333333,0.0,0.0,246
1170171102,43.477794333333335,-80.54689266666666,0.0,0.0,245
1170292476,43.47779166666667,-80.54690066666667,0.0,0.0,244
1170469839,43.477785833333336,-80.546917,0.0,0.0,243
1170772634,43.477776666666664,-80.54694233333333,0.0,0.0,243
1170873977,43.4777735,-80.54695116666667,0.0,0.0,243
1171171317,43.47776366666667,-80.54697816666666,0.0,0.0,243
1171293462,43.477760333333336,-80.5469875,0.0,0.0,243
1171473201,43.4777535,-80.54700633333333,0.0,0.0,243
1171870963,43.4777395,-80.5470455,0.0,0.0,243
1172169680,43.477728666666664,-80.5470755,0.0,0.0,243
1172372322,43.4777215,-80.54709566666666,0.0,0.0,243
1173468733,43.4776815,-80.54720916666666,0.0,0.0,244
1173567778,43.47767783333333,-80.5472195,0.0,0.0,244
1174167890,43.47765583333333,-80.54728166666666,0.0,0.0,243
1174467369,43.477644833333336,-80.5473125,0.0,0.0,243
1174867808,43.477630166666664,-80.54735333333333,0.0,0.0,243
1175291343,43.4776155,-80.547394,0.0,0.0,243
1175471062,43.47760816666667,-80.547414,0.0,0.0,243
1175569389,43.477604666666664,-80.547424,0.0,0.0,243
1175772337,43.4775975,-80.54744366666667,0.0,0.0,243
1175868528,43.477594,-80.5474535,0.0,0.0,243
1176169783,43.477583333333335,-80.54748266666667,0.0,0.0,243
1176290434,43.47757983333333,-80.54749233333334,0.0,0.0,243
1176470223,43.477573,-80.54751133333333,0.0,0.0,243
1177467730,43.47754033333333,-80.54760233333333,0.0,0.0,244
1177769507,43.4775315,-80.547628,0.0,0.0,244
1177869405,43.4775285,-80.54763633333333,0.0,0.0,244
1178073166,43.477523,-80.54765283333333,0.0,0.0,245
1178170505,43.477520166666665,-80.54766083333334,0.0,0.0,244
1178469977,43.47751233333334,-80.54768433333334,0.0,0.0,244
1178674404,43.4775075,-80.54769966666667,0.0,0.0,246
1179072565,43.47749816666666,-80.54772933333334,0.0,0.0,246
1179169638,43.477496,-80.5477365,0.0,0.0,246
1179289834,43.477493833333334,-80.54774383333333,0.0,0.0,247
1179470188,43.4774895,-80.54775833333333,0.0,0.0,247
1179771410,43.4774835,-80.54777966666667,0.0,0.0,249
1180170869,43.47747616666667,-80.54780766666667,0.0,0.0,250
1180292403,43.477474666666666,-80.54781483333333,0.0,0.0,252
1180770423,43.47746733333334,-80.54785,0.0,0.0,254
1181070383,43.47746383333333,-80.547871,0.0,0.0,257
1181170636,43.477462833333334,-80.547878,0.0,0.0,257
1181288607,43.47746183333334,-80.54788516666666,0.0,0.0,258
1181467411,43.47746016666667,-80.5478995,0.0,0.0,260
1181770237,43.47745833333333,-80.547921,0.0,0.0,263
1182169780,43.47745716666667,-80.54795,0.0,0.0,267
1182769767,43.4774595,-80.54799433333334,0.0,0.0,275
1182870536,43.47746033333333,-80.54800166666666,0.0,0.0,277
1183072459,43.47746216666667,-80.54801633333334,0.0,0.0,280
1183473088,43.47746816666667,-80.54804533333333,0.0,0.0,288
1184070579,43.477482,-80.54808783333333,0.0,0.0,297
1184378638,43.47749133333333,-80.54810833333333,0.0,0.0,303
1184470661,43.477494666666665,-80.548115,0.0,0.0,303
1185374515,43.47753433333333,-80.54817216666666,0.0,0.0,319
1185670896,43.47755083333333,-80.54818966666667,0.0,0.0,323
1186575965,43.47760866666667,-80.5482385,0.0,0.0,330
1187374033,43.47766883333333,-80.5482815,0.0,0.0,332
1187673790,43.477692833333336,-80.54829833333334,0.0,0.0,332
1187772561,43.477701,-80.54830416666667,0.0,0.0,333
1188070208,43.47772583333333,-80.5483215,0.0,0.0,332
1188670668,43.47777683333333,-80.54835666666666,0.0,0.0,333
1189071284,43.47781166666667,-80.54838033333333,0.0,0.0,333
1189373403,43.477838166666665,-80.5483985,0.0,0.0,333
1189771350,43.47787433333333,-80.54842266666667,0.0,0.0,333
1189975190,43.4778925,-80.54843483333333,0.0,0.0,333
1190072284,43.47790166666667,-80.548441,0.0,0.0,333
1190374030,43.47792916666667,-80.54845983333334,0.0,0.0,333
1190770452,43.47796666666667,-80.54848533333333,0.0,0.0,333
1191069852,43.477995,-80.54850466666667,0.0,0.0,333
1191374669,43.478023666666665,-80.5485245,0.0,0.0,333
1191974064,43.47808233333333,-80.54856466666666,0.0,0.0,333
1192068862,43.478092333333336,-80.5485715,0.0,0.0,333
1192673836,43.478153,-80.54861283333334,0.0,0.0,333
1192971591,43.478183666666666,-80.54863366666666,0.0,0.0,333
1193370802,43.478224833333336,-80.5486615,0.0,0.0,333
1193669802,43.478255833333336,-80.5486825,0.0,0.0,333
1193770011,43.478266166666664,-80.5486895,0.0,0.0,333
1193971907,43.478286833333335,-80.54870333333334,0.0,0.0,333
1194069366,43.478297166666664,-80.54871033333333,0.0,0.0,333
1194376399,43.478328166666664,-80.548731,0.0,0.0,334
1195070153,43.4784005,-80.548779,0.0,0.0,334
1195374088,43.4784315,-80.5487995,0.0,0.0,334
1195671961,43.47846216666667,-80.54882,0.0,0.0,333
1195969946,43.478493,-80.5488405,0.0,0.0,334
1196370994,43.478534,-80.54886783333333,0.0,0.0,334
1196672640,43.478564666666664,-80.54888866666667,0.0,0.0,333
1196977312,43.47859533333333,-80.54890933333333,0.0,0.0,333
1197371360,43.478636333333334,-80.548937,0.0,0.0,333
1197972129,43.478697333333336,-80.54897916666667,0.0,0.0,333
1198370485,43.47873766666667,-80.54900733333334,0.0,0.0,332
1198572288,43.47875766666667,-80.5490215,0.0,0.0,332
1198671463,43.47876766666667,-80.5490285,0.0,0.0,332
1199669953,43.47886716666667,-80.549099,0.0,0.0,332
1200368586,43.47893716666667,-80.5491475,0.0,0.0,333
1200669601,43.47896716666666,-80.54916816666666,0.0,0.0,333
1200871985,43.478987,-80.54918166666667,0.0,0.0,333
1200972281,43.478997,-80.5491885,0.0,0.0,333
1201297929,43.47902666666667,-80.54920866666667,0.0,0.0,333
1201571161,43.47905633333333,-80.54922866666666,0.0,0.0,334
1201974216,43.47909533333333,-80.54925483333334,0.0,0.0,333
1202170298,43.4791145,-80.54926783333333,0.0,0.0,334
1202870344,43.479180666666664,-80.54931166666667,0.0,0.0,334
1202972792,43.479189833333336,-80.549318,0.0,0.0,333
1203570214,43.47924416666667,-80.5493545,0.0,0.0,333
1203670164,43.479252833333334,-80.5493605,0.0,0.0,333
1203874461,43.479270166666666,-80.54937216666667,0.0,0.0,333
1203971890,43.479278666666666,-80.54937783333334,0.0,0.0,333
1204568405,43.479328,-80.54941133333334,0.0,0.0,333
1205569299,43.479404333333335,-80.54946333333334,0.0,0.0,334
1205970683,43.47943316666667,-80.54948233333333,0.0,0.0,334
1206573287,43.479474333333336,-80.54950766666667,0.0,0.0,336
1206971126,43.47950083333333,-80.54952183333333,0.0,0.0,339
1207477950,43.479532666666664,-80.54953633333334,0.0,0.0,342
1207569584,43.479538833333336,-80.549539,0.0,0.0,342
1207670202,43.479545,-80.5495415,0.0,0.0,343
1207873240,43.4795575,-80.54954583333334,0.0,0.0,345
1207972181,43.479563666666664,-80.549548,0.0,0.0,345
1208301596,43.47958233333333,-80.54955383333333,0.0,0.0,347
1208872184,43.47962033333334,-80.54956333333334,0.0,0.0,351
1209173428,43.47964016666667,-80.5495665,0.0,0.0,353
1209474600,43.479660833333334,-80.54956916666667,0.0,0.0,355
1209570101,43.47966783333333,-80.54956983333334,0.0,0.0,355
1210171705,43.47971166666667,-80.5495715,0.0,0.0,0
1210294587,43.47971916666667,-80.54957116666667,0.0,0.0,1
1210571283,43.47974216666667,-80.54956983333334,0.0,0.0,3
1211295509,43.479797,-80.5495605,0.0,0.0,9
1212170712,43.479871,-80.54953466666667,0.0,0.0,17
1212872419,43.47993,-80.54950333333333,0.0,0.0,23
1212970619,43.47993833333334,-80.54949816666667,0.0,0.0,23
1213571786,43.479988666666664,-80.5494615,0.0,0.0,30
1214294415,43.480045833333335,-80.54940866666666,0.0,0.0,36
1214871825,43.48009366666667,-80.5493555,0.0,0.0,40
1215172404,43.480117166666666,-80.54932666666667,0.0,0.0,42
1215293540,43.480124833333335,-80.5493165,0.0,0.0,43
1215472149,43.480140166666665,-80.54929633333333,0.0,0.0,43
1215872505,43.480169,-80.54925383333334,0.0,0.0,48
1216471365,43.480210666666665,-80.549186,0.0,0.0,51
1216570943,43.480217333333336,-80.549174,0.0,0.0,52
1216778209,43.4802305,-80.54914966666666,0.0,0.0,53
1217172963,43.48025616666666,-80.54909916666666,0.0,0.0,56
1217297271,43.4802625,-80.54908633333334,0.0,0.0,56
1217477938,43.480275,-80.54905966666666,0.0,0.0,57
1217570108,43.480281,-80.54904616666667,0.0,0.0,58
1218172529,43.4803165,-80.54896216666667,0.0,0.0,60
1218296317,43.48032233333333,-80.548948,0.0,0.0,60
1218571677,43.480339666666666,-80.54890466666667,0.0,0.0,61
1219171902,43.480373666666665,-80.54881733333333,0.0,0.0,62
1219295522,43.48037933333333,-80.5488025,0.0,0.0,62
1219474853,43.4803905,-80.54877266666666,0.0,0.0,62
1220172538,43.4804295,-80.5486675,0.0,0.0,63
1220292470,43.480435166666666,-80.54865233333334,0.0,0.0,63
1221296489,43.48049066666667,-80.5484995,0.0,0.0,63
1221570256,43.4805075,-80.5484535,0.0,0.0,63
1222172032,43.480541333333335,-80.54836083333333,0.0,0.0,63
1222292461,43.480546833333335,-80.54834533333333,0.0,0.0,63
1222571106,43.480563833333335,-80.54829883333333,0.0,0.0,63
1222872762,43.48058066666667,-80.5482525,0.0,0.0,63
1223171989,43.4805975,-80.54820583333333,0.0,0.0,63
1223293629,43.480603,-80.54819033333334,0.0,0.0,63
1223870422,43.4806365,-80.54809683333333,0.0,0.0,63
1224173190,43.480653333333336,-80.54805,0.0,0.0,63
1224296530,43.480659,-80.5480345,0.0,0.0,63
1224470733,43.48067,-80.54800316666666,0.0,0.0,64
1224570143,43.48067566666667,-80.54798766666667,0.0,0.0,63
1224871451,43.4806925,-80.54794066666666,0.0,0.0,63
1225569776,43.480731666666664,-80.54783133333333,0.0,0.0,63
1225869227,43.4807485,-80.54778466666667,0.0,0.0,63
1226292418,43.480771,-80.5477225,0.0,0.0,63
1226472546,43.480782166666664,-80.5476915,0.0,0.0,63
1226871329,43.480804666666664,-80.54762966666667,0.0,0.0,63
1227173368,43.48082133333333,-80.54758333333334,0.0,0.0,63
1227295213,43.48082683333333,-80.54756783333333,0.0,0.0,63
1227571305,43.480843166666666,-80.54752166666667,0.0,0.0,64
1227869342,43.48085916666667,-80.54747566666667,0.0,0.0,64
1228171588,43.480875166666664,-80.54742983333334,0.0,0.0,64
1228471318,43.48089083333333,-80.5473845,0.0,0.0,64
1229171206,43.48092666666667,-80.54727966666667,0.0,0.0,64
1229473116,43.48094183333333,-80.5472355,0.0,0.0,65
1229569506,43.480946833333334,-80.54722066666666,0.0,0.0,65
1230289659,43.48098133333333,-80.54711883333333,0.0,0.0,65
1230470131,43.480991,-80.54709016666666,0.0,0.0,65
1231168357,43.481024833333336,-80.54699083333334,0.0,0.0,65
1231291810,43.4810295,-80.54697666666667,0.0,0.0,65
1231568469,43.481043666666665,-80.54693466666667,0.0,0.0,65
1231869435,43.481057666666665,-80.54689316666666,0.0,0.0,65
1232292317,43.48107616666667,-80.54683816666666,0.0,0.0,65
1232470987,43.48108533333333,-80.546811,0.0,0.0,65
1232871705,43.48110366666667,-80.54675716666667,0.0,0.0,65
1233168609,43.48111733333333,-80.54671733333333,0.0,0.0,64
1233293780,43.48112183333333,-80.546704,0.0,0.0,64
1233471387,43.48113083333333,-80.54667766666667,0.0,0.0,64
1233869421,43.481148833333336,-80.54662566666667,0.0,0.0,64
1234289994,43.48116666666667,-80.54657433333334,0.0,0.0,64
1234469680,43.4811755,-80.54654883333333,0.0,0.0,64
1234566455,43.481179833333336,-80.54653616666667,0.0,0.0,64
1234868512,43.481192666666665,-80.54649883333333,0.0,0.0,64
1235167119,43.4812055,-80.54646216666667,0.0,0.0,64
1235292737,43.481209666666665,-80.54645016666667,0.0,0.0,64
1235469206,43.481218,-80.54642616666666,0.0,0.0,64
1236287415,43.48125066666667,-80.54633316666667,0.0,0.0,64
1236867399,43.481274,-80.54626733333333,0.0,0.0,63
1237168284,43.4812855,-80.54623583333333,0.0,0.0,63
1237290340,43.48128916666667,-80.5462255,0.0,0.0,63
1237772102,43.481308,-80.54617683333333,0.0,0.0,61
1238070227,43.48131933333333,-80.54614933333333,0.0,0.0,60
1238169896,43.48132316666667,-80.5461405,0.0,0.0,59
1238292953,43.48132716666667,-80.546132,0.0,0.0,58
1238374917,43.481331,-80.54612333333333,0.0,0.0,58
1238771639,43.481347166666666,-80.54609066666667,0.0,0.0,54
1239169579,43.48136433333333,-80.54606016666666,0.0,0.0,51
1239773179,43.481393,-80.54601766666667,0.0,0.0,45
1240072035,43.48140883333333,-80.54599783333333,0.0,0.0,41
1240473530,43.481431666666666,-80.54597333333334,0.0,0.0,35
1240775359,43.481449833333336,-80.54595683333334,0.0,0.0,32
1241073344,43.48146883333333,-80.545942,0.0,0.0,28
1241172822,43.481475333333336,-80.54593766666666,0.0,0.0,26
1241474295,43.48149516666667,-80.5459255,0.0,0.0,22
1242072283,43.4815365,-80.54590866666666,0.0,0.0,13
1242171625,43.48154366666667,-80.5459065,0.0,0.0,12
1242473669,43.481565333333336,-80.54590133333333,0.0,0.0,8
1243072260,43.4816105,-80.54589683333333,0.0,0.0,1
1243376099,43.481634,-80.54589716666666,0.0,0.0,357
1243473663,43.481641833333335,-80.54589766666666,0.0,0.0,357
1244073528,43.48168966666667,-80.5459045,0.0,0.0,352
1244373683,43.48171416666667,-80.54590966666666,0.0,0.0,351
1244473084,43.48172233333333,-80.5459115,0.0,0.0,350
1244773200,43.4817475,-80.5459175,0.0,0.0,349
1245471620,43.48180833333333,-80.5459335,0.0,0.0,348
1246373517,43.481890666666665,-80.54595683333334,0.0,0.0,348
1246471598,43.48190016666667,-80.5459595,0.0,0.0,348
1246674318,43.481919166666664,-80.545965,0.0,0.0,348
1246881293,43.4819385,-80.5459705,0.0,0.0,348
1247373206,43.48198766666667,-80.545985,0.0,0.0,347
1247673148,43.48201783333333,-80.54599383333333,0.0,0.0,347
1248372141,43.482090166666666,-80.54601483333333,0.0,0.0,348
1248770339,43.48213283333333,-80.54602683333333,0.0,0.0,348
1249070335,43.4821655,-80.54603583333333,0.0,0.0,348
1249371359,43.48219866666667,-80.54604483333334,0.0,0.0,348
1249471072,43.482209833333336,-80.54604766666667,0.0,0.0,349
1249672806,43.482232333333336,-80.54605366666667,0.0,0.0,349
1249770810,43.4822435,-80.54605666666667,0.0,0.0,349
1250071589,43.482277333333336,-80.54606566666666,0.0,0.0,349
1250374090,43.482311333333335,-80.54607483333334,0.0,0.0,348
1250770439,43.48235716666667,-80.54608683333333,0.0,0.0,349
1251072378,43.482391666666665,-80.546096,0.0,0.0,349
1251671736,43.4824615,-80.54611383333334,0.0,0.0,349
1252071430,43.482508333333335,-80.54612566666667,0.0,0.0,349
1252370824,43.482543666666665,-80.5461345,0.0,0.0,349
1252673383,43.482579,-80.54614333333333,0.0,0.0,349
1253070518,43.482626333333336,-80.54615533333333,0.0,0.0,349
1253372938,43.48266183333333,-80.5461645,0.0,0.0,349
1253674425,43.4826975,-80.54617383333333,0.0,0.0,349
1253769601,43.48270933333333,-80.546177,0.0,0.0,348
1254070504,43.48274516666667,-80.5461865,0.0,0.0,348
1254372591,43.482781,-80.546196,0.0,0.0,349
1254672381,43.48281683333333,-80.54620533333333,0.0,0.0,349
1254769698,43.48282866666667,-80.5462085,0.0,0.0,349
1255070505,43.4828645,-80.54621783333333,0.0,0.0,349
1255672880,43.482936,-80.54623666666667,0.0,0.0,348
1255973205,43.482971666666664,-80.54624583333333,0.0,0.0,349
1256070449,43.4829835,-80.54624866666667,0.0,0.0,349
1256373167,43.483019,-80.54625733333333,0.0,0.0,350
1256671743,43.4830545,-80.54626533333334,0.0,0.0,350
1257070309,43.48310166666667,-80.54627566666667,0.0,0.0,351
1257670108,43.4831725,-80.5462885,0.0,0.0,352
1257769687,43.483184333333334,-80.5462905,0.0,0.0,352
1258371811,43.48325533333333,-80.54630116666667,0.0,0.0,354
1258673332,43.483290833333335,-80.54630566666667,0.0,0.0,354
1259072155,43.483338333333336,-80.54631,0.0,0.0,356
1259371461,43.483374,-80.54631233333333,0.0,0.0,357
1259670707,43.48340983333333,-80.54631316666666,0.0,0.0,359
1260371314,43.483493,-80.54631133333334,0.0,0.0,2
1260671492,43.483528666666665,-80.54630866666666,0.0,0.0,3
1261976757,43.48368383333333,-80.54628716666667,0.0,0.0,7
1262072775,43.483695833333336,-80.54628483333333,0.0,0.0,7
1262572765,43.4837555,-80.54627166666667,0.0,0.0,9
1262670271,43.48376733333333,-80.54626883333333,0.0,0.0,9
1262974192,43.48380316666667,-80.54625983333334,0.0,0.0,10
1263070909,43.483815166666666,-80.54625666666666,0.0,0.0,10
1263673057,43.48388666666666,-80.54623716666667,0.0,0.0,11
1264070652,43.483934,-80.54622383333333,0.0,0.0,11
1264371197,43.4839695,-80.5462135,0.0,0.0,11
1265371687,43.484086,-80.546181,0.0,0.0,10
1265670559,43.4841205,-80.5461725,0.0,0.0,9
1265877575,43.4841435,-80.54616716666666,0.0,0.0,9
1266876815,43.4842565,-80.54614616666667,0.0,0.0,6
1266971214,43.48426766666667,-80.54614466666666,0.0,0.0,5
1267471153,43.48432283333333,-80.54613866666666,0.0,0.0,4
1267571969,43.48433383333333,-80.54613783333333,0.0,0.0,3
1267776415,43.4843555,-80.54613666666667,0.0,0.0,2
1268571972,43.484441333333336,-80.54613783333333,0.0,0.0,357
1268876367,43.484472833333335,-80.54614083333334,0.0,0.0,355
1269573808,43.48454516666666,-80.54615383333334,0.0,0.0,350
1269874205,43.4845755,-80.546162,0.0,0.0,348
1269969580,43.48458566666667,-80.54616483333334,0.0,0.0,347
1270569640,43.484644833333334,-80.54618516666666,0.0,0.0,344
1270872930,43.484674,-80.54619683333334,0.0,0.0,343
1271571652,43.48474233333334,-80.546228,0.0,0.0,340
1271870253,43.4847715,-80.5462425,0.0,0.0,339
1271968307,43.48478133333333,-80.5462475,0.0,0.0,339
1272570674,43.48483933333333,-80.54627933333333,0.0,0.0,337
1273302401,43.48490616666667,-80.546318,0.0,0.0,336
1273669454,43.484944,-80.54634066666667,0.0,0.0,336
1273870851,43.48496266666667,-80.546352,0.0,0.0,336
1274969635,43.48506183333333,-80.54641366666667,0.0,0.0,335
1275298896,43.4850875,-80.54643,0.0,0.0,334
1275574204,43.4851125,-80.54644566666667,0.0,0.0,335
1275870664,43.48513666666667,-80.54646116666666,0.0,0.0,334
1275970663,43.48514466666666,-80.54646633333333,0.0,0.0,334
1276172617,43.48516016666667,-80.54647616666666,0.0,0.0,335
1276289644,43.485167833333335,-80.54648116666667,0.0,0.0,334
1276868462,43.4852115,-80.546509,0.0,0.0,334
1277174451,43.485231666666664,-80.54652216666666,0.0,0.0,335
1277292390,43.485238,-80.54652616666667,0.0,0.0,334
1277569575,43.485256666666665,-80.54653816666666,0.0,0.0,334
1277779007,43.4852685,-80.54654583333334,0.0,0.0,334
1277869546,43.48527433333334,-80.5465495,0.0,0.0,335
1278570737,43.48531233333333,-80.546573,0.0,0.0,335
1278674729,43.4853175,-80.54657616666667,0.0,0.0,336
1279377475,43.485351666666666,-80.54659683333334,0.0,0.0,336
1279572598,43.48536083333333,-80.54660216666667,0.0,0.0,336
1279870569,43.485374,-80.54660966666667,0.0,0.0,337
1280171817,43.4853865,-80.54661666666667,0.0,0.0,338
1280292962,43.48539066666667,-80.54661866666666,0.0,0.0,340
1280370930,43.485394666666664,-80.54662083333334,0.0,0.0,339
1280474209,43.4853985,-80.546623,0.0,0.0,338
1280571464,43.48540233333333,-80.54662516666667,0.0,0.0,337
1280869672,43.485413333333334,-80.54663083333334,0.0,0.0,339
1281293729,43.485427,-80.546638,0.0,0.0,339
1281472937,43.485433666666665,-80.54664116666666,0.0,0.0,340
1281570123,43.485437,-80.54664283333334,0.0,0.0,340
1281872391,43.485446333333336,-80.54664716666667,0.0,0.0,341
1282292639,43.485458,-80.546652,0.0,0.0,344
1282470954,43.485463333333335,-80.546654,0.0,0.0,344
1282872622,43.485473,-80.546657,0.0,0.0,347
1283382691,43.48548366666667,-80.54665966666667,0.0,0.0,352
1283568743,43.4854875,-80.5466605,0.0,0.0,351
1283870040,43.4854925,-80.54666116666667,0.0,0.0,354
1284170292,43.485496833333336,-80.54666183333333,0.0,0.0,356
1284469711,43.485500333333334,-80.54666183333333,0.0,0.0,359
1284773506,43.485503666666666,-80.54666183333333,0.0,0.0,0
1284871118,43.485504666666664,-80.54666166666667,0.0,0.0,2
1285082314,43.485507166666665,-80.5466615,0.0,0.0,3
1285292035,43.485509666666665,-80.54666116666667,0.0,0.0,5
1286573841,43.4855365,-80.54664916666667,0.0,0.0,26
1287171491,43.48555233333333,-80.54663433333333,0.0,0.0,37
1287294060,43.485555,-80.546631,0.0,0.0,40
1287468642,43.48556033333333,-80.546624,0.0,0.0,44
1287771023,43.485567833333334,-80.54661183333333,0.0,0.0,51
1287871273,43.48557016666667,-80.54660733333333,0.0,0.0,54
1288170459,43.48557683333333,-80.54659233333334,0.0,0.0,60
1288771804,43.485587,-80.54655633333333,0.0,0.0,73
1289076162,43.4855905,-80.546536,0.0,0.0,77
1289472543,43.4855945,-80.546507,0.0,0.0,79
1289772028,43.485597166666665,-80.54648366666666,0.0,0.0,81
1289869588,43.485598,-80.54647566666667,0.0,0.0,81
1290290170,43.48560166666667,-80.5464415,0.0,0.0,81
1291068580,43.485608666666664,-80.54636566666667,0.0,0.0,83
1291472078,43.48561183333333,-80.54632416666666,0.0,0.0,83
1291671773,43.4856135,-80.5463025,0.0,0.0,84
1291773130,43.485614166666664,-80.5462915,0.0,0.0,84
1291871088,43.485615,-80.5462805,0.0,0.0,84
1292071017,43.4856165,-80.54625783333333,0.0,0.0,85
1292773524,43.485621,-80.54617533333334,0.0,0.0,86
1293772069,43.48562583333333,-80.5460495,0.0,0.0,87
1294289619,43.4856275,-80.54598383333334,0.0,0.0,88
1294374615,43.485627666666666,-80.5459705,0.0,0.0,88
1294773192,43.48562833333333,-80.54591716666667,0.0,0.0,89
1295292460,43.48562883333334,-80.54584983333334,0.0,0.0,89
1295771323,43.4856285,-80.54578183333334,0.0,0.0,90
1296072329,43.485627666666666,-80.54574116666667,0.0,0.0,91
1296471412,43.48562666666667,-80.54568666666667,0.0,0.0,91
1297770617,43.48561933333333,-80.54550966666666,0.0,0.0,94
1298071575,43.485617,-80.54546833333333,0.0,0.0,94
1298170205,43.48561616666667,-80.54545466666667,0.0,0.0,94
1298770656,43.485611166666665,-80.54537166666667,0.0,0.0,95
1298976626,43.485609333333336,-80.545344,0.0,0.0,95
1299171693,43.4856075,-80.545316,0.0,0.0,95
1299770151,43.4856015,-80.54523216666666,0.0,0.0,96
1300068451,43.485598,-80.54518983333334,0.0,0.0,96
1300467791,43.485593,-80.54513333333334,0.0,0.0,97
1301069971,43.48558416666667,-80.5450475,0.0,0.0,98
1301169940,43.4855825,-80.54503316666667,0.0,0.0,98
1301972937,43.48556816666667,-80.54491733333333,0.0,0.0,100
1302371655,43.48556033333333,-80.544859,0.0,0.0,100
1302470414,43.48555833333333,-80.5448445,0.0,0.0,100
1302769443,43.485552,-80.54480066666666,0.0,0.0,101
1303470234,43.485536,-80.54469816666666,0.0,0.0,102
1303768148,43.4855285,-80.544654,0.0,0.0,103
1304371063,43.48551283333333,-80.54456566666667,0.0,0.0,104
1304469849,43.48551,-80.54455083333333,0.0,0.0,104
1304768755,43.485501666666664,-80.54450666666666,0.0,0.0,104
1305372231,43.48548433333333,-80.54441783333333,0.0,0.0,105
1305672748,43.48547533333333,-80.54437333333334,0.0,0.0,105
1305768130,43.485472333333334,-80.5443585,0.0,0.0,105
1305975502,43.485466333333335,-80.54432866666667,0.0,0.0,105
1306072555,43.485463333333335,-80.54431366666667,0.0,0.0,105
1306371884,43.485454,-80.5442685,0.0,0.0,106
1306770123,43.48544116666667,-80.54420783333333,0.0,0.0,106
1307071033,43.485431166666665,-80.54416216666667,0.0,0.0,106
1307971147,43.48539983333333,-80.54402383333333,0.0,0.0,107
1308672366,43.48537483333333,-80.54391483333333,0.0,0.0,107
1308972157,43.48536416666666,-80.54386766666667,0.0,0.0,107
1309372830,43.48535016666666,-80.54380433333333,0.0,0.0,106
1309670403,43.485339833333335,-80.54375666666667,0.0,0.0,106
1309771598,43.485336333333336,-80.5437405,0.0,0.0,106
1309972764,43.4853295,-80.5437085,0.0,0.0,106
1310073607,43.485326,-80.54369266666667,0.0,0.0,106
1310671165,43.485306,-80.54359583333333,0.0,0.0,105
1311371884,43.485283,-80.54348216666666,0.0,0.0,105
1311672748,43.485273166666666,-80.54343333333334,0.0,0.0,105
1311972516,43.48526366666667,-80.54338466666667,0.0,0.0,105
1312371475,43.4852505,-80.54331966666666,0.0,0.0,105
1312672814,43.48524066666667,-80.54327116666667,0.0,0.0,105
1312972535,43.48523083333333,-80.5432225,0.0,0.0,105
1313372798,43.485218,-80.54315783333334,0.0,0.0,105
1313570555,43.485211666666665,-80.54312533333334,0.0,0.0,105
1314068285,43.485196,-80.5430445,0.0,0.0,104
1314370515,43.485186666666664,-80.542996,0.0,0.0,104
1314970563,43.485168,-80.54289933333334,0.0,0.0,104
1315672399,43.4851465,-80.54278766666667,0.0,0.0,105
1315972178,43.48513766666667,-80.54274,0.0,0.0,104
1316569890,43.485119833333336,-80.54264533333334,0.0,0.0,104
1317871115,43.48508266666666,-80.54244216666666,0.0,0.0,104
1317972101,43.485079666666664,-80.54242666666667,0.0,0.0,104
1318370293,43.48506833333333,-80.542365,0.0,0.0,104
1318969202,43.48505183333333,-80.54227366666667,0.0,0.0,103
1319572194,43.485037,-80.5421835,0.0,0.0,102
1319874243,43.485030333333334,-80.5421385,0.0,0.0,101
1320570281,43.48501666666667,-80.54203366666667,0.0,0.0,99
1321172868,43.48500716666667,-80.5419435,0.0,0.0,97
1321872383,43.484999333333334,-80.54183833333333,0.0,0.0,95
1323172552,43.484995833333336,-80.5416455,0.0,0.0,89
1323295989,43.484995833333336,-80.54163083333333,0.0,0.0,89
1323471304,43.4849965,-80.54160133333333,0.0,0.0,88
1323570252,43.484997,-80.5415865,0.0,0.0,88
1324168285,43.485001,-80.5414985,0.0,0.0,85
1324684147,43.485006,-80.54142566666667,0.0,0.0,83
1324771299,43.48500716666667,-80.54141133333333,0.0,0.0,83
1325303515,43.485014166666666,-80.54133966666667,0.0,0.0,81
1325870170,43.4850245,-80.54125583333334,0.0,0.0,79
1326172323,43.485030333333334,-80.541215,0.0,0.0,78
1327569336,43.48506316666667,-80.54103766666667,0.0,0.0,73
1327870478,43.48507133333333,-80.541003,0.0,0.0,71
1328292374,43.48508266666666,-80.5409585,0.0,0.0,70
1328471452,43.48508833333333,-80.540937,0.0,0.0,69
1328772054,43.48509683333333,-80.54090566666666,0.0,0.0,69
1329291810,43.48511033333333,-80.540856,0.0,0.0,69
1329473185,43.4851155,-80.54083716666666,0.0,0.0,68
1330075258,43.4851305,-80.54078433333333,0.0,0.0,68
1330172537,43.485133,-80.54077583333333,0.0,0.0,68
1330474532,43.48514,-80.54075133333333,0.0,0.0,68
1331172371,43.485156,-80.54069616666666,0.0,0.0,68
1331470455,43.48516216666667,-80.54067383333333,0.0,0.0,68
1332079043,43.485173333333336,-80.54063083333334,0.0,0.0,71
1332297035,43.4851765,-80.54061633333333,0.0,0.0,73
1332470287,43.485179333333335,-80.54060216666667,0.0,0.0,74
1332769979,43.485183,-80.54058033333334,0.0,0.0,76
1333168535,43.48518583333333,-80.54055116666666,0.0,0.0,82
1333294425,43.485186166666665,-80.54054383333333,0.0,0.0,83
1333871226,43.485186666666664,-80.54050083333334,0.0,0.0,91
1334871314,43.48517416666667,-80.54043166666666,0.0,0.0,109
1334977272,43.485172,-80.54042483333333,0.0,0.0,111
1335167966,43.4851675,-80.54041133333334,0.0,0.0,114
1335294382,43.485165,-80.5404045,0.0,0.0,116
1335471855,43.4851595,-80.54039133333333,0.0,0.0,119
1335569391,43.4851565,-80.54038483333333,0.0,0.0,121
1335771961,43.48515,-80.54037233333334,0.0,0.0,125
1336292444,43.48513166666667,-80.5403425,0.0,0.0,132
1336472374,43.4851235,-80.54033116666666,0.0,0.0,135
1337472083,43.48507766666667,-80.54027916666666,0.0,0.0,142
1337570053,43.485072833333334,-80.540274,0.0,0.0,142
1337872218,43.48505816666667,-80.54025916666667,0.0,0.0,143
1338171028,43.485043166666664,-80.54024433333333,0.0,0.0,144
1338772103,43.485013333333335,-80.540215,0.0,0.0,144
1339173683,43.4849935,-80.54019616666666,0.0,0.0,145
1339871111,43.48495966666667,-80.54016416666667,0.0,0.0,145
1340170135,43.484945333333336,-80.540151,0.0,0.0,146
1340294305,43.48494066666667,-80.54014683333334,0.0,0.0,146
1340870330,43.48491283333333,-80.5401215,0.0,0.0,146
1341297486,43.48489466666667,-80.54010516666666,0.0,0.0,147
1341772507,43.48487183333334,-80.54008466666667,0.0,0.0,147
1342171047,43.484853,-80.54006783333334,0.0,0.0,147
1342295971,43.484848166666666,-80.5400635,0.0,0.0,147
1342469650,43.48483866666667,-80.54005483333333,0.0,0.0,146
1342772280,43.48482416666667,-80.54004183333333,0.0,0.0,146
1342869995,43.4848195,-80.5400375,0.0,0.0,146
1343070442,43.48480966666666,-80.54002883333334,0.0,0.0,146
1343170011,43.484805,-80.5400245,0.0,0.0,147
1343469515,43.48479016666667,-80.54001116666667,0.0,0.0,146
1344170150,43.48475583333333,-80.53998016666667,0.0,0.0,146
1344467427,43.484741166666666,-80.53996683333334,0.0,0.0,146
1344775807,43.4847265,-80.53995366666666,0.0,0.0,146
1345170575,43.48470733333333,-80.53993633333333,0.0,0.0,147
1345378898,43.48469766666667,-80.53992766666667,0.0,0.0,146
1346074376,43.48466333333333,-80.53989683333333,0.0,0.0,146
1346171072,43.484658333333336,-80.53989233333333,0.0,0.0,146
1346772462,43.484628,-80.539865,0.0,0.0,146
1347074176,43.48461266666666,-80.5398515,0.0,0.0,147
1348473547,43.484549666666666,-80.53979433333333,0.0,0.0,147
1348775153,43.48453766666667,-80.53978416666666,0.0,0.0,149
1349076610,43.484526,-80.53977583333334,0.0,0.0,153
1350073233,43.4844845,-80.53976116666666,0.0,0.0,176
1350374951,43.484471666666664,-80.53976183333333,0.0,0.0,184
1350771802,43.484454166666666,-80.53976616666667,0.0,0.0,193
1351375071,43.48442816666667,-80.53978083333334,0.0,0.0,208
1351677007,43.48441583333334,-80.5397915,0.0,0.0,214
1351770948,43.48441183333333,-80.53979566666666,0.0,0.0,216
1352074319,43.48440083333333,-80.53980916666667,0.0,0.0,222
1353071526,43.48436916666667,-80.53986316666666,0.0,0.0,236
1353372435,43.4843605,-80.53988166666667,0.0,0.0,238
1353976041,43.484344,-80.539921,0.0,0.0,240
1354071321,43.48434133333333,-80.53992783333334,0.0,0.0,240
1355071717,43.48431016666667,-80.54000183333333,0.0,0.0,240
1355672660,43.484291166666665,-80.54005083333334,0.0,0.0,241
1357072555,43.484245333333334,-80.54017233333333,0.0,0.0,242
1357672149,43.484224166666664,-80.54022716666667,0.0,0.0,241
1358578657,43.48418916666667,-80.54031083333334,0.0,0.0,239
1358674789,43.484185,-80.54032016666666,0.0,0.0,238
1359574558,43.48414316666667,-80.54040466666666,0.0,0.0,234
1359671553,43.48413816666667,-80.54041416666666,0.0,0.0,233
1360299481,43.48410616666666,-80.54047033333333,0.0,0.0,231
1360604737,43.484089,-80.540498,0.0,0.0,229
1360671227,43.484083166666665,-80.54050716666667,0.0,0.0,228
1360974517,43.48406466666667,-80.54053433333333,0.0,0.0,226
1361373024,43.48403833333333,-80.54056983333334,0.0,0.0,223
1361674497,43.4840175,-80.5405955,0.0,0.0,221
1362073244,43.48398866666667,-80.54062833333333,0.0,0.0,218
1362771472,43.483935333333335,-80.54068133333334,0.0,0.0,214
1362974381,43.48391983333333,-80.5406955,0.0,0.0,213
1363372234,43.48388833333333,-80.54072333333333,0.0,0.0,212
1363673532,43.48386416666666,-80.54074366666667,0.0,0.0,211
1363975251,43.483839333333336,-80.54076366666666,0.0,0.0,210
1364070838,43.483831,-80.54077016666666,0.0,0.0,209
1364471608,43.4837965,-80.54079633333333,0.0,0.0,208
1364574831,43.48378783333333,-80.54080266666666,0.0,0.0,208
1365572710,43.483696,-80.540866,0.0,0.0,205
1365973572,43.4836575,-80.54089116666667,0.0,0.0,205
1366371507,43.483618166666666,-80.54091633333333,0.0,0.0,205
1366673472,43.48358783333333,-80.54093516666667,0.0,0.0,204
1366972285,43.483557166666664,-80.5409545,0.0,0.0,204
1367576815,43.483495166666664,-80.54099316666667,0.0,0.0,204
1367971178,43.4834535,-80.541019,0.0,0.0,204
1368573780,43.48339133333333,-80.54105733333333,0.0,0.0,204
1368671149,43.483381,-80.54106366666667,0.0,0.0,204
1368970608,43.48335,-80.5410825,0.0,0.0,203
1369574097,43.483289166666665,-80.54111966666666,0.0,0.0,203
1370176312,43.483230666666664,-80.54115516666667,0.0,0.0,203
1370300363,43.48322116666667,-80.54116066666667,0.0,0.0,203
1370973369,43.483159666666666,-80.54119816666666,0.0,0.0,203
1371574673,43.48311183333333,-80.54122666666666,0.0,0.0,203
1371672192,43.48310433333333,-80.541231,0.0,0.0,202
1371972097,43.483082833333334,-80.54124366666667,0.0,0.0,202
1372572047,43.483044,-80.54126633333334,0.0,0.0,202
1372971835,43.4830205,-80.54127983333333,0.0,0.0,202
1373298810,43.483004333333334,-80.5412895,0.0,0.0,202
1373573588,43.48298916666667,-80.54129833333333,0.0,0.0,202
1373971567,43.482970333333334,-80.5413095,0.0,0.0,202
1374174543,43.4829615,-80.54131483333333,0.0,0.0,203
1374572814,43.48294516666667,-80.54132566666667,0.0,0.0,207
1374672734,43.4829415,-80.5413285,0.0,0.0,208
1374971933,43.482931,-80.54133733333333,0.0,0.0,212
1375295486,43.48292133333333,-80.54134666666667,0.0,0.0,216
1375971221,43.482902333333335,-80.54137183333333,0.0,0.0,230
1376571427,43.48289166666667,-80.54139683333334,0.0,0.0,246
1377082136,43.482887,-80.5414185,0.0,0.0,259
1377175692,43.4828865,-80.54142283333333,0.0,0.0,261
1377295424,43.48288616666667,-80.541427,0.0,0.0,262
1377874292,43.48288683333333,-80.541452,0.0,0.0,273
1378573026,43.482892166666666,-80.54148283333333,0.0,0.0,286
1379175077,43.48289966666667,-80.54151016666667,0.0,0.0,290
1379296713,43.482901,-80.54151466666667,0.0,0.0,291
1379571250,43.482905,-80.54152833333333,0.0,0.0,291
1379873448,43.48290883333333,-80.541542,0.0,0.0,289
1380174733,43.48291233333333,-80.54155583333333,0.0,0.0,288
1380298534,43.4829135,-80.54156033333334,0.0,0.0,289
1380572609,43.4829165,-80.54157433333333,0.0,0.0,285
1380874063,43.48291866666667,-80.54158833333334,0.0,0.0,280
1381174975,43.48292,-80.54160233333333,0.0,0.0,276
1381296337,43.48292033333333,-80.54160683333333,0.0,0.0,275
1381873077,43.48291966666667,-80.5416345,0.0,0.0,263
1382172726,43.482917666666665,-80.54164766666666,0.0,0.0,255
1382294799,43.48291666666667,-80.54165183333333,0.0,0.0,253
1382871399,43.482908333333334,-80.54167533333333,0.0,0.0,238
1383171004,43.4829025,-80.54168566666667,0.0,0.0,230
1383294696,43.48290033333333,-80.54168883333334,0.0,0.0,227
1383572518,43.48289366666667,-80.54169766666666,0.0,0.0,222
1383873879,43.48288616666667,-80.54170533333334,0.0,0.0,216
1384073620,43.48288083333333,-80.54171016666666,0.0,0.0,213
1384169306,43.482878166666666,-80.54171233333334,0.0,0.0,211
1384299681,43.48287533333333,-80.5417145,0.0,0.0,210
1384573056,43.48286683333333,-80.5417205,0.0,0.0,206
1385173376,43.482849333333334,-80.541731,0.0,0.0,203
1385293479,43.4828465,-80.54173283333333,0.0,0.0,204
1385570327,43.4828375,-80.541738,0.0,0.0,201
1385871344,43.4828285,-80.54174316666666,0.0,0.0,202
1386173277,43.482819666666664,-80.54174833333333,0.0,0.0,203
1386294861,43.482816666666665,-80.54175016666667,0.0,0.0,203
1386872206,43.48279866666667,-80.541761,0.0,0.0,203
1387172099,43.48278966666667,-80.54176666666666,0.0,0.0,204
1387292752,43.48278666666667,-80.54176833333334,0.0,0.0,203
1387471615,43.48278066666666,-80.541772,0.0,0.0,204
1387570799,43.482777666666664,-80.54177383333334,0.0,0.0,204
1387871789,43.482769166666664,-80.541779,0.0,0.0,203
1388295612,43.48275816666666,-80.54178566666667,0.0,0.0,203
1388475464,43.482752833333336,-80.54178883333333,0.0,0.0,202
1388871051,43.482743166666666,-80.54179433333333,0.0,0.0,202
1389170797,43.48273666666667,-80.54179816666667,0.0,0.0,202
1389474081,43.482731,-80.5418015,0.0,0.0,201
1389569237,43.482729166666665,-80.54180266666667,0.0,0.0,202
1389779490,43.482726,-80.5418045,0.0,0.0,203
1390173109,43.48272033333333,-80.54180783333334,0.0,0.0,202
1390294495,43.48271916666667,-80.5418085,0.0,0.0,203
1390473032,43.482717,-80.54180966666667,0.0,0.0,202
1390777202,43.4827145,-80.54181133333333,0.0,0.0,203
1390871505,43.482713833333335,-80.54181166666666,0.0,0.0,203
1391172198,43.48271233333333,-80.5418125,0.0,0.0,203
1391872005,43.482711333333334,-80.54181333333334,0.0,0.0,203
1392295115,43.48271116666667,-80.54181333333334,0.0,0.0,203
1392774072,43.482711,-80.5418135,0.0,0.0,203
1392872231,43.482711,-80.5418135,0.0,0.0,203
1393173811,43.482710833333336,-80.54181366666667,0.0,0.0,203
1393293601,43.482710833333336,-80.54181366666667,0.0,0.0,203
1393773112,43.48271066666667,-80.54181383333334,0.0,0.0,203
1394294454,43.4827105,-80.541814,0.0,0.0,203
1394474452,43.4827105,-80.541814,0.0,0.0,203
1395473050,43.48270983333333,-80.5418145,0.0,0.0,203
1395777451,43.48270983333333,-80.54181483333333,0.0,0.0,203
1395870855,43.48270983333333,-80.54181483333333,0.0,0.0,203
1396072931,43.482709666666665,-80.54181516666667,0.0,0.0,203
1396172174,43.482709666666665,-80.54181516666667,0.0,0.0,203
1396870663,43.482709166666666,-80.54181566666666,0.0,0.0,203
1397172696,43.482709,-80.541816,0.0,0.0,203
1397293522,43.482709,-80.541816,0.0,0.0,203
1397774999,43.482708833333334,-80.54181633333333,0.0,0.0,203
1397871554,43.482708833333334,-80.5418165,0.0,0.0,203
1398076109,43.48270866666667,-80.54181666666666,0.0,0.0,203
1398773995,43.4827085,-80.541817,0.0,0.0,203
